frame,phase,occluded,blurred,gt_x,gt_y,gt_w,gt_h,v1_x,v1_y,v1_w,v1_h,v1_err,v1_iou,v1_ms,v1_status,v2_x,v2_y,v2_w,v2_h,v2_err,v2_iou,v2_ms,v2_status,v3_x,v3_y,v3_w,v3_h,v3_err,v3_iou,v3_ms,v3_status
1,1: Smooth,False,False,52,122,60,60,54,124,55,55,0.71,0.84,19.13,TRACKED,54,124,55,55,0.71,0.84,14.83,TRACKED,54,125,60,57,2.5,0.89,27.48,TRACKED
2,1: Smooth,False,False,54,125,60,60,56,127,55,55,0.71,0.84,14.28,TRACKED,56,127,55,55,0.71,0.84,12.06,TRACKED,57,127,60,56,3.0,0.847,25.73,TRACKED
3,1: Smooth,False,False,56,128,60,60,56,128,60,60,0.0,1.0,13.81,TRACKED,56,128,60,60,0.0,1.0,12.72,TRACKED,60,132,59,55,3.81,0.818,29.01,TRACKED
4,1: Smooth,False,False,58,131,60,60,58,131,60,60,0.0,1.0,15.11,TRACKED,58,131,60,60,0.0,1.0,14.35,TRACKED,61,134,59,54,2.5,0.83,25.88,TRACKED
5,1: Smooth,False,False,60,134,60,60,60,134,60,60,0.0,1.0,16.58,TRACKED,60,134,60,60,0.0,1.0,14.19,TRACKED,64,137,59,54,3.5,0.804,25.2,TRACKED
6,1: Smooth,False,False,62,136,60,60,60,134,64,64,0.0,0.879,17.1,TRACKED,60,134,64,64,0.0,0.879,14.27,TRACKED,66,141,59,54,4.03,0.804,24.71,TRACKED
7,1: Smooth,False,False,64,139,60,60,63,138,64,64,1.41,0.879,16.69,TRACKED,63,138,64,64,1.41,0.879,14.95,TRACKED,67,144,59,54,3.2,0.83,25.43,TRACKED
8,1: Smooth,False,False,66,141,60,60,66,141,61,61,0.71,0.967,16.89,TRACKED,66,141,61,61,0.71,0.967,15.39,TRACKED,69,145,58,54,2.24,0.842,26.07,TRACKED
9,1: Smooth,False,False,68,143,60,60,66,142,64,64,1.0,0.879,17.37,TRACKED,66,142,64,64,1.0,0.879,15.49,TRACKED,71,147,58,54,2.24,0.842,25.25,TRACKED
10,1: Smooth,False,False,70,145,60,60,71,144,61,61,1.58,0.936,17.1,TRACKED,71,144,61,61,1.58,0.936,15.4,TRACKED,74,149,57,54,2.69,0.828,27.09,TRACKED
11,1: Smooth,False,False,72,146,60,60,72,146,60,60,0.0,1.0,17.6,TRACKED,72,146,60,60,0.0,1.0,16.69,TRACKED,76,151,57,53,2.92,0.812,28.16,TRACKED
12,1: Smooth,False,False,74,147,60,60,74,147,60,60,0.0,1.0,17.96,TRACKED,74,147,60,60,0.0,1.0,15.22,TRACKED,77,152,56,53,1.8,0.824,26.31,TRACKED
13,1: Smooth,False,False,76,148,60,60,75,146,62,62,1.0,0.937,17.13,TRACKED,75,146,62,62,1.0,0.937,15.18,TRACKED,79,153,56,53,1.8,0.824,25.68,TRACKED
14,1: Smooth,False,False,78,149,60,60,77,148,61,61,0.71,0.967,16.93,TRACKED,77,148,61,61,0.71,0.967,15.02,TRACKED,81,154,56,53,1.8,0.824,26.25,TRACKED
15,1: Smooth,False,False,80,149,60,60,80,148,64,64,2.24,0.879,17.29,TRACKED,80,148,64,64,2.24,0.879,16.71,TRACKED,83,155,56,53,2.69,0.824,26.48,TRACKED
16,1: Smooth,False,False,82,149,60,60,82,149,61,61,0.71,0.967,17.49,TRACKED,82,149,61,61,0.71,0.967,15.19,TRACKED,85,155,56,53,2.69,0.824,26.88,TRACKED
17,1: Smooth,False,False,84,149,60,60,84,149,61,61,0.71,0.967,18.17,TRACKED,84,149,61,61,0.71,0.967,14.76,TRACKED,87,156,56,53,3.64,0.824,25.32,TRACKED
18,1: Smooth,False,False,86,149,60,60,86,149,61,61,0.71,0.967,17.26,TRACKED,86,149,61,61,0.71,0.967,14.98,TRACKED,89,156,57,53,3.81,0.839,25.44,TRACKED
19,1: Smooth,False,False,88,148,60,60,88,148,60,60,0.0,1.0,16.52,TRACKED,88,148,60,60,0.0,1.0,14.14,TRACKED,92,154,57,53,3.54,0.812,25.7,TRACKED
20,1: Smooth,False,False,90,147,60,60,90,147,60,60,0.0,1.0,17.83,TRACKED,90,147,60,60,0.0,1.0,15.12,TRACKED,94,153,56,53,3.2,0.824,25.21,TRACKED
21,1: Smooth,False,False,92,145,60,60,92,144,61,61,0.71,0.967,16.48,TRACKED,92,144,61,61,0.71,0.967,14.54,TRACKED,96,151,56,53,3.2,0.824,25.36,TRACKED
22,1: Smooth,False,False,94,144,60,60,94,144,60,60,0.0,1.0,17.21,TRACKED,94,144,60,60,0.0,1.0,15.05,TRACKED,98,150,56,53,3.2,0.824,24.87,TRACKED
23,1: Smooth,False,False,96,142,60,60,94,139,64,64,1.0,0.879,16.71,TRACKED,94,139,64,64,1.0,0.879,15.57,TRACKED,101,149,56,53,4.61,0.798,25.01,TRACKED
24,1: Smooth,False,False,98,140,60,60,98,139,62,62,1.0,0.937,17.54,TRACKED,98,139,62,62,1.0,0.937,15.94,TRACKED,103,146,56,53,3.91,0.798,26.05,TRACKED
25,1: Smooth,False,False,100,137,60,60,99,136,61,61,0.71,0.967,16.98,TRACKED,99,136,61,61,0.71,0.967,15.27,TRACKED,105,142,57,54,4.03,0.801,25.27,TRACKED
26,1: Smooth,False,False,102,135,60,60,102,135,61,61,0.71,0.967,17.4,TRACKED,102,135,61,61,0.71,0.967,15.23,TRACKED,107,141,57,54,4.61,0.801,25.87,TRACKED
27,1: Smooth,False,False,104,132,60,60,104,132,61,61,0.71,0.967,16.58,TRACKED,104,132,61,61,0.71,0.967,16.17,TRACKED,108,137,57,55,3.54,0.843,26.75,TRACKED
28,1: Smooth,False,False,106,130,60,60,106,130,60,60,0.0,1.0,18.57,TRACKED,106,130,60,60,0.0,1.0,17.97,TRACKED,111,135,57,54,4.03,0.801,31.2,TRACKED
29,1: Smooth,False,False,108,127,60,60,108,126,60,60,1.0,0.967,18.46,TRACKED,108,126,60,60,1.0,0.967,17.65,TRACKED,113,132,57,55,4.3,0.815,31.57,TRACKED
30,1: Smooth,False,False,110,124,60,60,108,122,64,64,0.0,0.879,17.87,TRACKED,108,122,64,64,0.0,0.879,16.17,TRACKED,114,130,58,55,4.61,0.803,25.42,TRACKED
31,1: Smooth,False,False,112,121,60,60,111,119,65,65,1.58,0.852,18.28,TRACKED,111,119,65,65,1.58,0.852,16.59,TRACKED,116,124,58,56,3.16,0.845,27.76,TRACKED
32,1: Smooth,False,False,114,118,60,60,112,116,64,64,0.0,0.879,18.16,TRACKED,112,116,64,64,0.0,0.879,15.49,TRACKED,119,124,57,55,4.95,0.789,27.42,TRACKED
33,1: Smooth,False,False,116,115,60,60,116,116,60,60,1.0,0.967,17.0,TRACKED,116,116,60,60,1.0,0.967,15.62,TRACKED,120,120,57,56,3.91,0.83,25.35,TRACKED
34,1: Smooth,False,False,118,112,60,60,116,110,64,64,0.0,0.879,21.68,TRACKED,116,110,64,64,0.0,0.879,15.45,TRACKED,121,115,58,56,2.24,0.873,25.27,TRACKED
35,1: Smooth,False,False,120,109,60,60,119,107,65,65,1.58,0.852,17.02,TRACKED,119,107,65,65,1.58,0.852,15.27,TRACKED,123,113,58,56,2.83,0.873,24.98,TRACKED
36,1: Smooth,False,False,122,106,60,60,120,104,64,64,0.0,0.879,17.27,TRACKED,120,104,64,64,0.0,0.879,15.03,TRACKED,126,112,58,55,4.61,0.803,24.98,TRACKED
37,1: Smooth,False,False,124,104,60,60,124,105,60,60,1.0,0.967,16.73,TRACKED,124,105,60,60,1.0,0.967,14.48,TRACKED,128,109,58,55,3.91,0.83,25.47,TRACKED
38,1: Smooth,False,False,126,101,60,60,124,99,64,64,0.0,0.879,16.56,TRACKED,124,99,64,64,0.0,0.879,14.84,TRACKED,130,106,58,55,3.91,0.83,24.78,TRACKED
39,1: Smooth,False,False,128,99,60,60,127,97,65,65,1.58,0.852,17.3,TRACKED,127,97,65,65,1.58,0.852,15.82,TRACKED,131,105,58,55,4.03,0.829,24.67,TRACKED
40,1: Smooth,False,False,130,97,60,60,129,96,61,61,0.71,0.967,17.15,TRACKED,129,96,61,61,0.71,0.967,15.18,TRACKED,133,101,58,55,2.5,0.858,25.88,TRACKED
41,1: Smooth,False,False,132,95,60,60,130,94,64,64,1.0,0.879,16.79,TRACKED,130,94,64,64,1.0,0.879,14.76,TRACKED,135,100,59,54,3.2,0.83,25.04,TRACKED
42,1: Smooth,False,False,134,93,60,60,133,91,65,65,1.58,0.852,17.09,TRACKED,133,91,65,65,1.58,0.852,14.64,TRACKED,137,98,59,54,3.2,0.83,25.36,TRACKED
43,1: Smooth,False,False,136,92,60,60,136,92,60,60,0.0,1.0,16.63,TRACKED,136,92,60,60,0.0,1.0,14.62,TRACKED,139,97,59,54,3.2,0.83,25.29,TRACKED
44,1: Smooth,False,False,138,91,60,60,137,91,60,60,1.0,0.967,17.07,TRACKED,137,91,60,60,1.0,0.967,14.82,TRACKED,140,96,59,55,2.92,0.873,24.78,TRACKED
45,1: Smooth,False,False,140,90,60,60,140,90,60,60,0.0,1.0,16.89,TRACKED,140,90,60,60,0.0,1.0,14.75,TRACKED,143,95,58,54,2.83,0.842,26.03,TRACKED
46,1: Smooth,False,False,142,90,60,60,140,88,64,64,0.0,0.879,16.99,TRACKED,140,88,64,64,0.0,0.879,15.27,TRACKED,145,95,58,54,2.83,0.842,26.13,TRACKED
47,1: Smooth,False,False,144,90,60,60,144,89,62,62,1.0,0.937,17.38,TRACKED,144,89,62,62,1.0,0.937,15.84,TRACKED,147,95,58,54,2.83,0.842,24.75,TRACKED
48,1: Smooth,False,False,146,90,60,60,144,88,64,64,0.0,0.879,17.39,TRACKED,144,88,64,64,0.0,0.879,15.02,TRACKED,151,97,57,53,4.95,0.787,25.85,TRACKED
49,1: Smooth,False,False,148,90,60,60,148,89,62,62,1.0,0.937,17.28,TRACKED,148,89,62,62,1.0,0.937,15.95,TRACKED,152,95,57,54,3.2,0.828,25.6,TRACKED
50,1: Smooth,False,False,150,91,60,60,149,90,61,61,0.71,0.967,17.65,TRACKED,149,90,61,61,0.71,0.967,15.23,TRACKED,154,97,57,54,3.91,0.828,25.32,TRACKED
51,1: Smooth,False,False,152,92,60,60,153,92,60,60,1.0,0.967,17.25,TRACKED,153,92,60,60,1.0,0.967,15.29,TRACKED,156,98,57,53,3.54,0.812,29.22,TRACKED
52,1: Smooth,False,False,154,93,60,60,154,92,60,60,1.0,0.967,17.6,TRACKED,154,92,60,60,1.0,0.967,16.92,TRACKED,158,99,56,53,3.2,0.824,27.41,TRACKED
53,1: Smooth,False,False,156,95,60,60,156,95,60,60,0.0,1.0,17.8,TRACKED,156,95,60,60,0.0,1.0,17.22,TRACKED,160,100,55,53,2.12,0.81,27.95,TRACKED
54,1: Smooth,False,False,158,96,60,60,159,96,60,60,1.0,0.967,17.52,TRACKED,159,96,60,60,1.0,0.967,16.94,TRACKED,162,101,56,53,2.5,0.824,29.11,TRACKED
55,1: Smooth,False,False,160,98,60,60,160,98,60,60,0.0,1.0,18.19,TRACKED,160,98,60,60,0.0,1.0,16.78,TRACKED,164,103,55,53,2.12,0.81,27.35,TRACKED
56,1: Smooth,False,False,162,101,60,60,160,100,64,64,1.0,0.879,17.58,TRACKED,160,100,64,64,1.0,0.879,16.84,TRACKED,167,107,55,53,3.54,0.81,26.68,TRACKED
57,1: Smooth,False,False,164,103,60,60,164,102,61,61,0.71,0.967,17.29,TRACKED,164,102,61,61,0.71,0.967,16.63,TRACKED,168,108,55,53,2.12,0.81,25.79,TRACKED
58,1: Smooth,False,False,166,106,60,60,166,106,61,61,0.71,0.967,17.51,TRACKED,166,106,61,61,0.71,0.967,16.65,TRACKED,171,112,55,53,3.54,0.81,25.73,TRACKED
59,1: Smooth,False,False,168,108,60,60,167,106,64,64,1.0,0.879,17.37,TRACKED,167,106,64,64,1.0,0.879,16.3,TRACKED,173,113,55,53,2.92,0.81,26.11,TRACKED
60,1: Smooth,False,False,170,111,60,60,168,110,64,64,1.0,0.879,17.09,TRACKED,168,110,64,64,1.0,0.879,15.31,TRACKED,175,116,55,53,2.92,0.81,25.25,TRACKED
61,2: Fast Jerk,False,True,172,140,60,60,173,140,61,61,1.58,0.936,16.9,TRACKED,173,140,61,61,1.58,0.936,15.0,TRACKED,174,140,57,55,2.55,0.871,25.26,TRACKED
62,2: Fast Jerk,False,False,174,159,60,60,174,159,61,61,0.71,0.967,17.29,TRACKED,174,159,61,61,0.71,0.967,15.8,TRACKED,177,161,57,55,1.58,0.871,28.01,TRACKED
63,2: Fast Jerk,False,False,176,174,60,60,176,174,60,60,0.0,1.0,17.5,TRACKED,176,174,60,60,0.0,1.0,16.49,TRACKED,178,176,56,56,0.0,0.871,25.14,TRACKED
64,2: Fast Jerk,False,False,178,185,60,60,178,184,60,60,1.0,0.967,16.74,TRACKED,178,184,60,60,1.0,0.967,15.87,TRACKED,180,187,57,55,0.71,0.871,27.01,TRACKED
65,2: Fast Jerk,False,True,180,189,60,60,180,189,60,60,0.0,1.0,18.75,TRACKED,180,189,60,60,0.0,1.0,16.21,TRACKED,181,192,59,55,0.71,0.901,26.28,TRACKED
66,2: Fast Jerk,False,True,182,188,60,60,182,188,60,60,0.0,1.0,16.82,TRACKED,182,188,60,60,0.0,1.0,15.06,TRACKED,182,191,61,56,1.12,0.919,25.72,TRACKED
67,2: Fast Jerk,False,False,184,180,60,60,184,179,60,60,1.0,0.967,16.64,TRACKED,184,179,60,60,1.0,0.967,14.58,TRACKED,184,184,60,55,1.5,0.917,26.19,TRACKED
68,2: Fast Jerk,False,False,186,167,60,60,186,166,60,60,1.0,0.967,16.91,TRACKED,186,166,60,60,1.0,0.967,14.61,TRACKED,187,171,59,56,2.06,0.918,25.15,TRACKED
69,2: Fast Jerk,False,False,188,149,60,60,188,149,60,60,0.0,1.0,17.67,TRACKED,188,149,60,60,0.0,1.0,14.19,TRACKED,188,154,58,56,3.16,0.872,25.34,TRACKED
70,2: Fast Jerk,False,True,190,129,60,60,189,128,62,62,0.0,0.937,16.76,TRACKED,189,128,62,62,0.0,0.937,15.79,TRACKED,190,137,59,57,6.52,0.788,26.0,TRACKED
71,2: Fast Jerk,False,True,192,108,60,60,191,106,64,64,1.0,0.879,17.36,TRACKED,191,106,64,64,1.0,0.879,15.73,TRACKED,192,114,61,57,4.53,0.844,25.85,TRACKED
72,2: Fast Jerk,False,False,194,89,60,60,194,88,62,62,1.0,0.937,16.51,TRACKED,194,88,62,62,1.0,0.937,14.28,TRACKED,194,93,59,57,2.55,0.903,24.77,TRACKED
73,2: Fast Jerk,False,False,196,71,60,60,196,71,60,60,0.0,1.0,16.56,TRACKED,196,71,60,60,0.0,1.0,14.18,TRACKED,196,76,59,57,3.54,0.873,25.71,TRACKED
74,2: Fast Jerk,False,False,198,58,60,60,196,56,64,64,0.0,0.879,16.84,TRACKED,196,56,64,64,0.0,0.879,14.62,TRACKED,197,66,58,57,6.8,0.752,26.58,TRACKED
75,2: Fast Jerk,False,True,200,51,60,60,199,50,64,64,1.41,0.879,16.57,TRACKED,199,50,64,64,1.41,0.879,14.35,TRACKED,201,56,59,57,3.54,0.873,25.55,TRACKED
76,2: Fast Jerk,False,True,202,50,60,60,201,49,64,64,1.41,0.879,16.22,TRACKED,201,49,64,64,1.41,0.879,13.84,TRACKED,202,54,61,58,3.04,0.889,24.51,TRACKED
77,2: Fast Jerk,False,False,204,55,60,60,203,54,62,62,0.0,0.937,16.17,TRACKED,203,54,62,62,0.0,0.937,14.55,TRACKED,205,58,61,56,1.8,0.89,26.0,TRACKED
78,2: Fast Jerk,False,False,206,65,60,60,205,64,61,61,0.71,0.967,16.68,TRACKED,205,64,61,61,0.71,0.967,14.08,TRACKED,208,67,59,57,1.58,0.904,26.32,TRACKED
79,2: Fast Jerk,False,False,208,81,60,60,207,79,64,64,1.0,0.879,16.42,TRACKED,207,79,64,64,1.0,0.879,14.61,TRACKED,210,82,58,58,1.0,0.934,25.27,TRACKED
80,2: Fast Jerk,False,True,210,100,60,60,210,100,61,61,0.71,0.967,17.17,TRACKED,210,100,61,61,0.71,0.967,14.64,TRACKED,211,99,59,57,2.55,0.903,25.32,TRACKED
81,2: Fast Jerk,False,True,212,121,60,60,213,121,60,60,1.0,0.967,17.66,TRACKED,213,121,60,60,1.0,0.967,14.88,TRACKED,211,121,60,58,1.41,0.935,25.17,TRACKED
82,2: Fast Jerk,False,False,214,141,60,60,214,141,60,60,0.0,1.0,17.14,TRACKED,214,141,60,60,0.0,1.0,14.56,TRACKED,215,141,59,58,1.12,0.951,25.66,TRACKED
83,2: Fast Jerk,False,False,216,160,60,60,214,158,64,64,0.0,0.879,16.94,TRACKED,214,158,64,64,0.0,0.879,15.38,TRACKED,218,162,58,59,1.8,0.92,26.96,TRACKED
84,2: Fast Jerk,False,False,218,175,60,60,218,174,62,62,1.0,0.937,16.77,TRACKED,218,174,62,62,1.0,0.937,15.54,TRACKED,221,176,57,59,1.58,0.934,26.34,TRACKED
85,2: Fast Jerk,False,True,220,185,60,60,219,183,64,64,1.0,0.879,16.93,TRACKED,219,183,64,64,1.0,0.879,14.4,TRACKED,220,184,59,58,2.06,0.919,25.3,TRACKED
86,2: Fast Jerk,False,True,222,189,60,60,221,188,64,64,1.41,0.879,17.09,TRACKED,221,188,64,64,1.41,0.879,14.71,TRACKED,222,189,60,58,1.0,0.967,24.56,TRACKED
87,2: Fast Jerk,False,False,224,187,60,60,223,186,62,62,0.0,0.937,17.37,TRACKED,223,186,62,62,0.0,0.937,15.36,TRACKED,224,191,61,57,2.55,0.904,26.1,TRACKED
88,2: Fast Jerk,False,False,226,179,60,60,225,178,61,61,0.71,0.967,17.26,TRACKED,225,178,61,61,0.71,0.967,15.21,TRACKED,226,182,60,57,1.5,0.95,24.8,TRACKED
89,2: Fast Jerk,False,False,228,166,60,60,229,166,60,60,1.0,0.967,17.29,TRACKED,229,166,60,60,1.0,0.967,15.0,TRACKED,228,172,59,57,4.53,0.844,26.5,TRACKED
90,2: Fast Jerk,False,True,230,148,60,60,229,146,62,62,1.0,0.937,17.52,TRACKED,229,146,62,62,1.0,0.937,16.18,TRACKED,230,154,59,57,4.53,0.844,27.56,TRACKED
91,2: Fast Jerk,False,True,232,128,60,60,230,126,64,64,0.0,0.879,17.34,TRACKED,230,126,64,64,0.0,0.879,15.76,TRACKED,230,136,60,58,7.28,0.742,24.91,TRACKED
92,2: Fast Jerk,False,False,234,107,60,60,233,106,62,62,0.0,0.937,17.55,TRACKED,233,106,62,62,0.0,0.937,15.35,TRACKED,235,111,58,58,3.0,0.874,25.04,TRACKED
93,2: Fast Jerk,False,False,236,87,60,60,234,85,64,64,0.0,0.879,22.03,TRACKED,234,85,64,64,0.0,0.879,14.76,TRACKED,236,91,58,58,3.16,0.874,26.68,TRACKED
94,2: Fast Jerk,False,False,238,71,60,60,238,70,64,64,2.24,0.879,15.54,TRACKED,238,70,64,64,2.24,0.879,13.85,TRACKED,240,77,57,56,4.03,0.829,25.18,TRACKED
95,2: Fast Jerk,False,True,240,58,60,60,240,58,61,61,0.71,0.967,16.46,TRACKED,240,58,61,61,0.71,0.967,15.3,TRACKED,240,65,58,58,6.08,0.79,26.34,TRACKED
96,2: Fast Jerk,False,True,242,51,60,60,241,49,64,64,1.0,0.879,18.25,TRACKED,241,49,64,64,1.0,0.879,14.52,TRACKED,241,56,60,57,3.64,0.86,25.44,TRACKED
97,2: Fast Jerk,False,False,244,50,60,60,245,50,60,60,1.0,0.967,16.84,TRACKED,245,50,60,60,1.0,0.967,15.02,TRACKED,245,54,59,56,2.06,0.918,25.05,TRACKED
98,2: Fast Jerk,False,False,246,55,60,60,246,55,60,60,0.0,1.0,17.47,TRACKED,246,55,60,60,0.0,1.0,15.35,TRACKED,248,59,60,55,2.5,0.86,25.1,TRACKED
99,2: Fast Jerk,False,False,248,66,60,60,248,65,60,60,1.0,0.967,16.94,TRACKED,248,65,60,60,1.0,0.967,14.89,TRACKED,251,68,58,55,2.06,0.858,25.56,TRACKED
100,2: Fast Jerk,False,True,250,82,60,60,248,80,62,62,1.41,0.937,18.32,TRACKED,248,80,62,62,1.41,0.937,16.15,TRACKED,250,82,60,56,2.0,0.933,25.08,TRACKED
101,2: Fast Jerk,False,True,252,101,60,60,252,100,61,61,0.71,0.967,17.23,TRACKED,252,100,61,61,0.71,0.967,14.77,TRACKED,252,98,60,58,4.0,0.873,24.91,TRACKED
102,2: Fast Jerk,False,False,254,122,60,60,254,122,60,60,0.0,1.0,16.55,TRACKED,254,122,60,60,0.0,1.0,14.25,TRACKED,255,123,58,59,0.5,0.951,25.21,TRACKED
103,2: Fast Jerk,False,False,256,142,60,60,254,140,64,64,0.0,0.879,16.72,TRACKED,254,140,64,64,0.0,0.879,15.08,TRACKED,258,143,58,58,1.0,0.934,25.5,TRACKED
104,2: Fast Jerk,False,False,258,161,60,60,258,160,62,62,1.0,0.937,16.71,TRACKED,258,160,62,62,1.0,0.937,14.46,TRACKED,261,164,57,57,2.12,0.902,25.56,TRACKED
105,2: Fast Jerk,False,True,260,176,60,60,260,176,61,61,0.71,0.967,16.23,TRACKED,260,176,61,61,0.71,0.967,14.42,TRACKED,261,176,58,57,1.5,0.918,24.72,TRACKED
106,2: Fast Jerk,False,True,262,186,60,60,262,185,62,62,1.0,0.937,16.66,TRACKED,262,185,62,62,1.0,0.937,14.67,TRACKED,263,186,59,57,1.58,0.934,25.8,TRACKED
107,2: Fast Jerk,False,False,264,189,60,60,262,188,64,64,1.0,0.879,16.26,TRACKED,262,188,64,64,1.0,0.879,14.96,TRACKED,266,193,59,55,2.12,0.873,24.7,TRACKED
108,2: Fast Jerk,False,False,266,187,60,60,266,186,64,64,2.24,0.879,16.54,TRACKED,266,186,64,64,2.24,0.879,14.43,TRACKED,268,191,58,56,2.24,0.902,25.04,TRACKED
109,2: Fast Jerk,False,False,268,179,60,60,267,178,62,62,0.0,0.937,16.93,TRACKED,267,178,62,62,0.0,0.937,15.04,TRACKED,271,183,57,56,2.5,0.887,24.82,TRACKED
110,2: Fast Jerk,False,True,270,165,60,60,270,164,61,61,0.71,0.967,17.27,TRACKED,270,164,61,61,0.71,0.967,14.94,TRACKED,271,172,59,57,5.52,0.815,25.05,TRACKED
111,2: Fast Jerk,False,True,272,147,60,60,271,146,62,62,0.0,0.937,17.17,TRACKED,271,146,62,62,0.0,0.937,14.9,TRACKED,271,154,60,59,6.58,0.779,25.76,TRACKED
112,2: Fast Jerk,False,False,274,127,60,60,273,126,62,62,0.0,0.937,17.29,TRACKED,273,126,62,62,0.0,0.937,14.78,TRACKED,274,130,59,58,2.06,0.919,25.69,TRACKED
113,2: Fast Jerk,False,False,276,106,60,60,274,104,64,64,0.0,0.879,17.12,TRACKED,274,104,64,64,0.0,0.879,14.78,TRACKED,276,111,58,58,4.12,0.845,25.77,TRACKED
114,2: Fast Jerk,False,False,278,86,60,60,278,86,61,61,0.71,0.967,17.09,TRACKED,278,86,61,61,0.71,0.967,14.9,TRACKED,278,93,58,57,5.59,0.802,24.78,TRACKED
115,2: Fast Jerk,False,True,280,70,60,60,281,70,60,60,1.0,0.967,17.04,TRACKED,281,70,60,60,1.0,0.967,14.77,TRACKED,279,76,60,57,4.61,0.831,27.03,TRACKED
116,2: Fast Jerk,False,True,282,57,60,60,282,57,60,60,0.0,1.0,16.93,TRACKED,282,57,60,60,0.0,1.0,14.87,TRACKED,280,65,61,57,6.67,0.765,25.97,TRACKED
117,2: Fast Jerk,False,False,284,51,60,60,283,50,62,62,0.0,0.937,17.47,TRACKED,283,50,62,62,0.0,0.937,14.34,TRACKED,282,55,61,57,2.92,0.876,25.4,TRACKED
118,2: Fast Jerk,False,False,286,50,60,60,284,48,64,64,0.0,0.879,16.88,TRACKED,284,48,64,64,0.0,0.879,14.73,TRACKED,286,54,61,57,2.55,0.904,24.58,TRACKED
119,2: Fast Jerk,False,False,288,56,60,60,287,55,64,64,1.41,0.879,16.96,TRACKED,287,55,64,64,1.41,0.879,14.64,TRACKED,289,59,60,55,1.12,0.888,25.69,TRACKED
120,2: Fast Jerk,False,True,290,67,60,60,289,65,64,64,1.0,0.879,16.76,TRACKED,289,65,64,64,1.0,0.879,14.55,TRACKED,289,68,61,56,1.12,0.919,24.75,TRACKED
121,3: Occlusion,False,False,290,121,60,60,289,120,62,62,0.0,0.937,16.72,TRACKED,289,120,62,62,0.0,0.937,14.48,TRACKED,291,121,60,57,1.8,0.92,24.93,TRACKED
122,3: Occlusion,False,False,291,122,60,60,289,120,64,64,0.0,0.879,17.39,TRACKED,289,120,64,64,0.0,0.879,14.9,TRACKED,295,127,60,55,4.72,0.806,25.08,TRACKED
123,3: Occlusion,False,False,292,124,60,60,291,124,61,61,0.71,0.967,18.37,TRACKED,291,124,61,61,0.71,0.967,14.92,TRACKED,294,129,60,55,3.2,0.86,24.74,TRACKED
124,3: Occlusion,False,False,292,125,60,60,292,125,60,60,0.0,1.0,16.12,TRACKED,292,125,60,60,0.0,1.0,14.03,TRACKED,294,131,59,55,3.81,0.844,25.35,TRACKED
125,3: Occlusion,False,False,293,126,60,60,291,125,62,62,1.0,0.937,16.97,TRACKED,291,125,62,62,1.0,0.937,14.28,TRACKED,296,132,58,54,3.61,0.842,25.37,TRACKED
126,3: Occlusion,False,False,294,128,60,60,293,127,61,61,0.71,0.967,16.3,TRACKED,293,127,61,61,0.71,0.967,14.58,TRACKED,298,133,58,54,3.61,0.816,25.88,TRACKED
127,3: Occlusion,False,False,294,129,60,60,294,129,60,60,0.0,1.0,16.76,TRACKED,294,129,60,60,0.0,1.0,14.34,TRACKED,297,137,58,53,4.92,0.799,25.08,TRACKED
128,3: Occlusion,False,False,295,130,60,60,293,128,62,62,1.41,0.937,16.98,TRACKED,293,128,62,62,1.41,0.937,15.74,TRACKED,299,135,58,54,3.61,0.816,26.75,TRACKED
129,3: Occlusion,False,False,296,132,60,60,294,130,64,64,0.0,0.879,16.9,TRACKED,294,130,64,64,0.0,0.879,14.55,TRACKED,301,137,57,54,4.03,0.801,27.47,TRACKED
130,3: Occlusion,True,False,296,133,60,60,321,101,62,62,40.46,0.164,16.59,TRACKED,321,101,62,62,40.46,0.164,14.31,TRACKED,303,138,57,54,5.85,0.75,25.79,TRACKED
131,3: Occlusion,True,False,297,134,60,60,322,101,60,60,41.4,0.151,16.14,TRACKED,322,101,60,60,41.4,0.151,14.08,TRACKED,304,138,57,54,5.59,0.75,25.29,TRACKED
132,3: Occlusion,True,False,298,136,60,60,0,0,0,0,999.0,0.0,3.6,LOST,341,80,60,60,70.6,0.01,14.77,PREDICTING,305,138,57,54,5.59,0.75,25.41,TRACKED
133,3: Occlusion,True,False,298,137,60,60,0,0,0,0,999.0,0.0,0.0,LOST,339,77,65,65,72.1,0.012,18.34,TRACKED,305,139,57,54,5.59,0.75,28.95,TRACKED
134,3: Occlusion,True,False,299,138,60,60,0,0,0,0,999.0,0.0,0.0,LOST,341,81,60,60,70.8,0.008,16.74,TRACKED,305,139,57,54,4.92,0.775,25.79,TRACKED
135,3: Occlusion,True,False,300,140,60,60,0,0,0,0,999.0,0.0,0.0,LOST,339,77,65,65,73.37,0.005,17.42,TRACKED,305,139,57,54,5.32,0.775,28.35,TRACKED
136,3: Occlusion,True,False,300,141,60,60,0,0,0,0,999.0,0.0,0.0,LOST,334,74,75,75,72.54,0.023,17.55,TRACKED,305,140,57,54,5.32,0.775,28.24,TRACKED
137,3: Occlusion,True,False,301,142,60,60,0,0,0,0,999.0,0.0,0.0,LOST,337,80,70,70,70.21,0.023,17.69,TRACKED,305,140,57,54,5.59,0.773,29.15,TRACKED
138,3: Occlusion,True,False,302,144,60,60,0,0,0,0,999.0,0.0,0.0,LOST,339,80,66,66,72.95,0.006,18.16,TRACKED,306,141,57,54,6.5,0.747,28.95,TRACKED
139,3: Occlusion,True,False,302,145,60,60,0,0,0,0,999.0,0.0,0.0,LOST,335,74,75,75,75.32,0.012,20.97,TRACKED,306,141,57,54,7.43,0.722,29.47,TRACKED
140,3: Occlusion,True,False,303,146,60,60,0,0,0,0,999.0,0.0,0.0,LOST,337,80,70,70,72.4,0.012,18.02,TRACKED,306,141,57,54,8.14,0.719,29.56,TRACKED
141,3: Occlusion,True,False,304,148,60,60,0,0,0,0,999.0,0.0,0.0,LOST,339,80,66,66,75.29,0.0,18.54,TRACKED,306,142,57,54,9.01,0.694,30.42,TRACKED
142,3: Occlusion,True,False,304,149,60,60,0,0,0,0,999.0,0.0,0.0,LOST,335,74,75,75,77.71,0.0,18.08,TRACKED,306,142,57,54,10.01,0.67,30.73,TRACKED
143,3: Occlusion,True,False,305,150,60,60,0,0,0,0,999.0,0.0,0.0,LOST,337,80,70,70,74.79,0.0,18.0,TRACKED,306,142,57,54,11.01,0.646,30.66,TRACKED
144,3: Occlusion,True,False,306,152,60,60,0,0,0,0,999.0,0.0,0.0,LOST,338,80,66,66,77.37,0.0,17.57,TRACKED,306,143,57,54,12.09,0.624,33.73,TRACKED
145,3: Occlusion,True,False,306,153,60,60,0,0,0,0,999.0,0.0,0.0,LOST,335,74,75,75,80.28,0.0,18.7,TRACKED,306,143,57,54,13.09,0.601,33.12,TRACKED
146,3: Occlusion,True,False,307,154,60,60,0,0,0,0,999.0,0.0,0.0,LOST,337,81,70,70,76.48,0.0,18.19,TRACKED,306,143,57,54,14.22,0.564,33.82,TRACKED
147,3: Occlusion,True,False,308,156,60,60,0,0,0,0,999.0,0.0,0.0,LOST,339,80,66,66,80.53,0.0,18.19,TRACKED,306,144,57,54,15.4,0.529,31.51,TRACKED
148,3: Occlusion,True,False,308,157,60,60,0,0,0,0,999.0,0.0,0.0,LOST,335,75,75,75,82.1,0.0,18.29,TRACKED,306,144,57,54,16.38,0.51,33.55,TRACKED
149,3: Occlusion,True,False,309,158,60,60,0,0,0,0,999.0,0.0,0.0,LOST,337,81,70,70,79.2,0.0,18.35,TRACKED,306,144,57,54,17.59,0.478,32.21,TRACKED
150,3: Occlusion,True,False,310,160,60,60,0,0,0,0,999.0,0.0,0.0,LOST,339,80,66,66,83.38,0.0,18.23,TRACKED,306,145,57,54,18.82,0.448,32.72,TRACKED
151,3: Occlusion,True,False,310,161,60,60,0,0,0,0,999.0,0.0,0.0,LOST,338,78,68,68,85.23,0.0,18.26,TRACKED,306,145,57,54,19.78,0.432,33.22,TRACKED
152,3: Occlusion,True,False,311,162,60,60,0,0,0,0,999.0,0.0,0.0,LOST,335,74,75,75,86.44,0.0,18.88,TRACKED,306,146,57,54,20.08,0.42,34.79,TRACKED
153,3: Occlusion,True,False,312,164,60,60,0,0,0,0,999.0,0.0,0.0,LOST,337,80,70,70,84.5,0.0,18.52,TRACKED,306,146,57,54,22.3,0.379,32.2,TRACKED
154,3: Occlusion,True,False,312,165,60,60,0,0,0,0,999.0,0.0,0.0,LOST,339,80,66,66,87.32,0.0,18.15,TRACKED,307,146,57,54,22.94,0.375,32.75,TRACKED
155,3: Occlusion,True,False,313,166,60,60,0,0,0,0,999.0,0.0,0.0,LOST,335,74,75,75,89.5,0.0,18.44,TRACKED,307,147,57,54,23.24,0.365,34.87,TRACKED
156,3: Occlusion,True,False,314,168,60,60,0,0,0,0,999.0,0.0,0.0,LOST,337,80,70,70,87.6,0.0,18.63,TRACKED,308,148,57,54,24.19,0.351,33.95,TRACKED
157,3: Occlusion,True,False,314,169,60,60,0,0,0,0,999.0,0.0,0.0,LOST,339,80,66,66,90.44,0.0,18.79,TRACKED,309,148,57,54,24.86,0.346,32.0,TRACKED
158,3: Occlusion,True,False,315,170,60,60,0,0,0,0,999.0,0.0,0.0,LOST,335,74,75,75,92.67,0.0,18.84,TRACKED,309,149,57,54,25.14,0.337,32.31,TRACKED
159,3: Occlusion,True,False,316,172,60,60,0,0,0,0,999.0,0.0,0.0,LOST,337,80,70,70,90.8,0.0,18.64,TRACKED,310,149,57,54,27.06,0.31,33.09,TRACKED
160,3: Occlusion,True,False,316,173,60,60,0,0,0,0,999.0,0.0,0.0,LOST,338,78,69,69,94.3,0.0,18.93,TRACKED,310,150,57,54,27.06,0.31,32.78,TRACKED
161,3: Occlusion,True,False,317,174,60,60,0,0,0,0,999.0,0.0,0.0,LOST,338,79,68,68,94.37,0.0,18.38,TRACKED,311,150,57,54,28.02,0.297,32.61,TRACKED
162,3: Occlusion,True,False,318,176,60,60,0,0,0,0,999.0,0.0,0.0,LOST,338,78,69,69,96.66,0.0,18.33,TRACKED,311,151,57,54,29.26,0.277,31.37,TRACKED
163,3: Occlusion,True,False,318,177,60,60,0,0,0,0,999.0,0.0,0.0,LOST,335,75,75,75,97.62,0.0,18.35,TRACKED,311,151,57,54,30.22,0.265,32.13,TRACKED
164,3: Occlusion,True,False,319,178,60,60,0,0,0,0,999.0,0.0,0.0,LOST,337,80,70,70,95.8,0.0,18.5,TRACKED,312,151,57,54,31.18,0.253,33.12,TRACKED
165,3: Occlusion,True,False,320,180,60,60,0,0,0,0,999.0,0.0,0.0,LOST,338,79,68,68,99.46,0.0,18.28,TRACKED,312,151,57,54,33.38,0.225,31.83,TRACKED
166,3: Occlusion,True,False,320,181,60,60,0,0,0,0,999.0,0.0,0.0,LOST,338,78,69,69,101.04,0.0,17.61,TRACKED,313,151,57,54,34.08,0.219,34.09,TRACKED
167,3: Occlusion,True,False,321,182,60,60,0,0,0,0,999.0,0.0,0.0,LOST,338,78,69,69,101.8,0.0,18.63,TRACKED,313,152,57,54,34.34,0.214,33.63,TRACKED
168,3: Occlusion,True,False,322,184,60,60,0,0,0,0,999.0,0.0,0.0,LOST,335,75,75,75,103.55,0.0,18.81,TRACKED,313,153,57,54,35.58,0.198,32.6,TRACKED
169,3: Occlusion,True,False,322,185,60,60,0,0,0,0,999.0,0.0,0.0,LOST,337,80,70,70,101.98,0.0,18.33,TRACKED,313,153,57,54,36.54,0.188,32.25,TRACKED
170,3: Occlusion,True,False,323,186,60,60,0,0,0,0,999.0,0.0,0.0,LOST,338,79,68,68,104.74,0.0,18.47,TRACKED,314,154,57,54,36.54,0.188,32.64,TRACKED
171,3: Occlusion,False,False,324,188,60,60,0,0,0,0,999.0,0.0,0.0,LOST,338,78,69,69,107.11,0.0,18.35,TRACKED,325,190,57,55,0.71,0.871,30.62,TRACKED
172,3: Occlusion,False,False,324,189,60,60,0,0,0,0,999.0,0.0,0.0,LOST,335,74,75,75,109.08,0.0,18.38,TRACKED,328,193,57,54,2.69,0.828,31.3,TRACKED
173,3: Occlusion,False,False,325,190,60,60,0,0,0,0,999.0,0.0,0.0,LOST,337,80,70,70,106.37,0.0,18.55,TRACKED,330,195,57,54,4.03,0.801,35.08,TRACKED
174,3: Occlusion,False,False,326,192,60,60,0,0,0,0,999.0,0.0,0.0,LOST,338,78,68,68,111.16,0.0,19.03,TRACKED,330,198,57,54,3.91,0.828,32.34,TRACKED
175,3: Occlusion,False,False,326,193,60,60,0,0,0,0,999.0,0.0,0.0,LOST,335,75,75,75,111.73,0.0,18.67,TRACKED,330,199,57,54,3.91,0.828,32.27,TRACKED
176,3: Occlusion,False,False,327,194,60,60,0,0,0,0,999.0,0.0,0.0,LOST,337,80,70,70,110.03,0.0,18.53,TRACKED,331,200,57,54,3.91,0.828,31.56,TRACKED
177,3: Occlusion,False,False,328,196,60,60,0,0,0,0,999.0,0.0,0.0,LOST,338,78,69,69,114.42,0.0,18.34,TRACKED,332,202,57,54,3.91,0.828,35.19,TRACKED
178,3: Occlusion,False,False,328,197,60,60,0,0,0,0,999.0,0.0,0.0,LOST,335,74,75,75,116.41,0.0,18.42,TRACKED,332,203,57,54,3.91,0.828,36.46,TRACKED
179,3: Occlusion,False,False,329,198,60,60,0,0,0,0,999.0,0.0,0.0,LOST,335,78,75,75,113.31,0.0,20.14,TRACKED,333,204,57,54,3.91,0.828,32.18,TRACKED
180,3: Occlusion,False,False,330,200,60,60,0,0,0,0,999.0,0.0,0.0,LOST,335,78,75,75,115.18,0.0,19.13,TRACKED,334,207,57,53,4.3,0.812,34.03,TRACKED
181,4: Recovery,False,True,332,198,60,60,0,0,0,0,999.0,0.0,0.0,LOST,338,80,70,70,113.53,0.0,18.6,TRACKED,334,204,59,54,3.35,0.857,34.71,TRACKED
182,4: Recovery,False,True,335,196,60,60,0,0,0,0,999.0,0.0,0.0,LOST,339,81,65,65,112.69,0.0,19.29,TRACKED,335,202,60,55,3.5,0.885,33.45,TRACKED
183,4: Recovery,False,True,338,195,60,60,0,0,0,0,999.0,0.0,0.0,LOST,341,80,62,62,114.07,0.0,19.78,TRACKED,336,199,62,56,2.24,0.905,35.93,TRACKED
184,4: Recovery,False,True,340,193,60,60,0,0,0,0,999.0,0.0,0.0,LOST,342,80,61,61,112.53,0.0,18.82,TRACKED,339,197,63,57,2.55,0.877,35.67,TRACKED
185,4: Recovery,False,True,343,191,60,60,0,0,0,0,999.0,0.0,0.0,LOST,339,77,66,66,111.0,0.0,18.61,TRACKED,341,194,65,58,2.06,0.866,31.81,TRACKED
186,4: Recovery,False,True,346,190,60,60,0,0,0,0,999.0,0.0,0.0,LOST,339,79,68,68,107.04,0.0,18.47,TRACKED,344,193,65,58,2.06,0.866,31.59,TRACKED
187,4: Recovery,False,True,348,188,60,60,0,0,0,0,999.0,0.0,0.0,LOST,338,78,69,69,105.64,0.0,19.1,TRACKED,345,191,66,59,2.5,0.839,31.8,TRACKED
188,4: Recovery,False,True,351,186,60,60,0,0,0,0,999.0,0.0,0.0,LOST,338,78,69,69,103.85,0.0,18.71,TRACKED,348,188,67,59,1.58,0.854,34.69,TRACKED
189,4: Recovery,False,True,354,185,60,60,0,0,0,0,999.0,0.0,0.0,LOST,338,79,69,69,102.15,0.0,18.76,TRACKED,350,187,67,60,2.06,0.841,33.15,TRACKED
190,4: Recovery,False,True,356,183,60,60,0,0,0,0,999.0,0.0,0.0,LOST,340,81,65,65,100.41,0.0,18.73,TRACKED,353,184,67,60,1.12,0.868,35.55,TRACKED
191,4: Recovery,False,True,359,181,60,60,0,0,0,0,999.0,0.0,0.0,LOST,341,80,62,62,101.43,0.0,19.51,TRACKED,355,183,68,61,2.5,0.815,31.65,TRACKED
192,4: Recovery,False,True,362,180,60,60,0,0,0,0,999.0,0.0,0.0,LOST,341,80,61,61,101.59,0.0,18.33,TRACKED,359,181,68,61,1.8,0.841,31.55,TRACKED
193,4: Recovery,False,True,364,178,60,60,0,0,0,0,999.0,0.0,0.0,LOST,342,79,61,61,100.82,0.0,17.7,TRACKED,361,179,69,61,2.12,0.829,31.59,TRACKED
194,4: Recovery,False,True,367,176,60,60,0,0,0,0,999.0,0.0,0.0,LOST,339,77,66,66,99.2,0.0,18.28,TRACKED,364,177,69,61,2.12,0.829,32.98,TRACKED
195,4: Recovery,False,True,370,175,60,60,0,0,0,0,999.0,0.0,0.0,LOST,338,78,69,69,96.5,0.0,18.92,TRACKED,366,176,69,61,1.58,0.829,32.55,TRACKED
196,4: Recovery,False,True,372,173,60,60,0,0,0,0,999.0,0.0,0.0,LOST,337,78,69,69,95.5,0.0,18.66,TRACKED,368,174,69,61,1.58,0.829,31.44,TRACKED
197,4: Recovery,False,True,375,171,60,60,0,0,0,0,999.0,0.0,0.0,LOST,338,78,69,69,94.28,0.0,17.65,TRACKED,371,172,70,62,2.24,0.805,32.92,TRACKED
198,4: Recovery,False,True,378,170,60,60,0,0,0,0,999.0,0.0,0.0,LOST,337,78,69,69,94.81,0.0,17.9,TRACKED,374,169,70,62,1.0,0.829,33.54,TRACKED
199,4: Recovery,False,True,380,168,60,60,0,0,0,0,999.0,0.0,0.0,LOST,337,79,69,69,92.86,0.0,17.93,TRACKED,375,168,71,62,1.12,0.818,34.01,TRACKED
200,4: Recovery,False,True,383,166,60,60,0,0,0,0,999.0,0.0,0.0,LOST,340,81,65,65,91.9,0.0,18.38,TRACKED,377,166,71,62,1.12,0.818,30.8,TRACKED
201,4: Recovery,False,True,386,165,60,60,0,0,0,0,999.0,0.0,0.0,LOST,340,79,62,62,96.18,0.0,17.94,TRACKED,381,165,71,62,1.12,0.818,31.23,TRACKED
202,4: Recovery,False,True,388,163,60,60,0,0,0,0,999.0,0.0,0.0,LOST,341,80,61,61,94.7,0.0,17.55,TRACKED,382,163,72,62,1.0,0.806,31.48,TRACKED
203,4: Recovery,False,True,391,161,60,60,0,0,0,0,999.0,0.0,0.0,LOST,339,77,66,66,94.67,0.0,18.83,TRACKED,384,162,72,61,1.8,0.795,33.03,TRACKED
204,4: Recovery,False,True,394,160,60,60,0,0,0,0,999.0,0.0,0.0,LOST,338,78,69,69,93.05,0.0,18.61,TRACKED,387,161,72,61,1.8,0.795,31.54,TRACKED
205,4: Recovery,False,True,396,158,60,60,0,0,0,0,999.0,0.0,0.0,LOST,337,78,69,69,93.12,0.0,17.52,TRACKED,390,159,73,61,1.58,0.784,31.09,TRACKED
206,4: Recovery,False,True,399,156,60,60,0,0,0,0,999.0,0.0,0.0,LOST,338,78,69,69,92.71,0.0,17.74,TRACKED,392,156,73,60,0.5,0.822,32.7,TRACKED
207,4: Recovery,False,True,402,155,60,60,0,0,0,0,999.0,0.0,0.0,LOST,337,78,69,69,94.43,0.0,18.68,TRACKED,395,156,72,61,1.8,0.795,34.93,TRACKED
208,4: Recovery,False,True,404,153,60,60,0,0,0,0,999.0,0.0,0.0,LOST,337,78,69,69,94.22,0.0,18.55,TRACKED,397,154,72,61,1.8,0.795,32.89,TRACKED
209,4: Recovery,False,True,407,151,60,60,0,0,0,0,999.0,0.0,0.0,LOST,338,78,69,69,94.09,0.0,18.55,TRACKED,400,152,72,61,1.8,0.795,31.3,TRACKED
210,4: Recovery,False,True,410,150,60,60,0,0,0,0,999.0,0.0,0.0,LOST,337,78,69,69,96.17,0.0,18.39,TRACKED,404,151,72,61,1.5,0.795,34.91,TRACKED
211,4: Recovery,False,True,412,148,60,60,0,0,0,0,999.0,0.0,0.0,LOST,338,78,69,69,95.5,0.0,18.55,TRACKED,406,148,72,61,0.5,0.82,32.6,TRACKED
212,4: Recovery,False,True,415,146,60,60,0,0,0,0,999.0,0.0,0.0,LOST,337,78,69,69,97.13,0.0,21.02,TRACKED,409,147,72,61,1.5,0.795,32.1,TRACKED
213,4: Recovery,False,True,418,145,60,60,0,0,0,0,999.0,0.0,0.0,LOST,338,78,69,69,98.01,0.0,18.56,TRACKED,411,146,72,61,1.8,0.795,32.19,TRACKED
214,4: Recovery,False,True,420,143,60,60,0,0,0,0,999.0,0.0,0.0,LOST,337,78,69,69,99.11,0.0,17.6,TRACKED,414,144,72,61,1.5,0.795,30.68,TRACKED
215,4: Recovery,False,True,423,141,60,60,0,0,0,0,999.0,0.0,0.0,LOST,338,78,69,69,99.51,0.0,18.45,TRACKED,417,141,72,61,0.5,0.82,30.41,TRACKED
216,4: Recovery,False,True,426,140,60,60,0,0,0,0,999.0,0.0,0.0,LOST,338,78,69,69,101.38,0.0,18.07,TRACKED,421,141,71,61,1.58,0.806,30.2,TRACKED
217,4: Recovery,False,True,428,138,60,60,0,0,0,0,999.0,0.0,0.0,LOST,337,78,69,69,102.77,0.0,18.71,TRACKED,424,138,71,60,1.5,0.845,32.62,TRACKED
218,4: Recovery,False,True,431,136,60,60,0,0,0,0,999.0,0.0,0.0,LOST,338,78,69,69,103.41,0.0,18.37,TRACKED,426,138,71,61,2.55,0.782,32.31,TRACKED
219,4: Recovery,False,True,434,135,60,60,0,0,0,0,999.0,0.0,0.0,LOST,337,78,69,69,106.36,0.0,18.26,TRACKED,428,136,72,61,1.5,0.795,30.5,TRACKED
220,4: Recovery,False,True,436,133,60,60,0,0,0,0,999.0,0.0,0.0,LOST,338,78,69,69,106.27,0.0,18.75,TRACKED,430,133,72,61,0.5,0.82,33.0,TRACKED
221,4: Recovery,False,True,439,131,60,60,0,0,0,0,999.0,0.0,0.0,LOST,337,78,69,69,108.9,0.0,18.87,TRACKED,433,132,72,61,1.5,0.795,30.95,TRACKED
222,4: Recovery,False,True,442,130,60,60,0,0,0,0,999.0,0.0,0.0,LOST,338,78,69,69,110.26,0.0,18.01,TRACKED,436,131,72,61,1.5,0.795,32.04,TRACKED
223,4: Recovery,False,True,444,128,60,60,0,0,0,0,999.0,0.0,0.0,LOST,337,78,69,69,112.14,0.0,18.09,TRACKED,438,129,72,61,1.5,0.795,36.42,TRACKED
224,4: Recovery,False,True,447,126,60,60,0,0,0,0,999.0,0.0,0.0,LOST,338,78,69,69,113.19,0.0,18.92,TRACKED,440,127,72,61,1.8,0.795,33.31,TRACKED
225,4: Recovery,False,True,450,125,60,60,0,0,0,0,999.0,0.0,0.0,LOST,337,78,69,69,116.53,0.0,18.57,TRACKED,443,126,72,61,1.8,0.795,32.89,TRACKED
226,4: Recovery,False,True,452,123,60,60,0,0,0,0,999.0,0.0,0.0,LOST,338,78,69,69,116.75,0.0,18.75,TRACKED,445,123,72,61,1.12,0.82,32.98,TRACKED
227,4: Recovery,False,True,455,121,60,60,0,0,0,0,999.0,0.0,0.0,LOST,335,75,75,75,118.91,0.0,19.13,TRACKED,449,122,72,61,1.5,0.795,35.15,TRACKED
228,4: Recovery,False,True,458,120,60,60,0,0,0,0,999.0,0.0,0.0,LOST,335,78,75,75,120.54,0.0,19.09,TRACKED,452,121,72,61,1.5,0.795,33.41,TRACKED
229,4: Recovery,False,True,460,118,60,60,0,0,0,0,999.0,0.0,0.0,LOST,331,73,82,82,122.8,0.0,19.03,TRACKED,454,119,72,60,1.0,0.808,32.03,TRACKED
230,4: Recovery,False,True,463,116,60,60,0,0,0,0,999.0,0.0,0.0,LOST,328,74,86,86,125.4,0.0,19.34,TRACKED,457,117,72,60,1.0,0.808,31.55,TRACKED
231,4: Recovery,False,True,466,115,60,60,0,0,0,0,999.0,0.0,0.0,LOST,331,77,82,82,126.91,0.0,19.2,TRACKED,461,117,71,61,2.55,0.782,31.22,TRACKED
232,4: Recovery,False,True,468,113,60,60,0,0,0,0,999.0,0.0,0.0,LOST,328,74,86,86,129.63,0.0,19.21,TRACKED,463,112,71,62,0.5,0.818,32.32,TRACKED
233,4: Recovery,False,True,471,111,60,60,0,0,0,0,999.0,0.0,0.0,LOST,331,78,82,82,130.86,0.0,18.98,TRACKED,466,112,71,61,1.58,0.806,32.12,TRACKED
234,4: Recovery,False,True,474,110,60,60,0,0,0,0,999.0,0.0,0.0,LOST,332,79,78,78,134.81,0.0,19.12,TRACKED,469,111,71,61,1.58,0.806,32.15,TRACKED
235,4: Recovery,False,True,476,108,60,60,0,0,0,0,999.0,0.0,0.0,LOST,334,79,75,75,136.21,0.0,18.36,TRACKED,471,108,71,61,0.71,0.831,30.64,TRACKED
236,4: Recovery,False,True,479,106,60,60,0,0,0,0,999.0,0.0,0.0,LOST,331,74,82,82,138.6,0.0,18.9,TRACKED,474,107,71,61,1.58,0.806,32.28,TRACKED
237,4: Recovery,False,True,482,105,60,60,0,0,0,0,999.0,0.0,0.0,LOST,329,74,86,86,141.15,0.0,19.03,TRACKED,477,106,71,61,1.58,0.806,31.64,TRACKED
238,4: Recovery,False,True,484,103,60,60,0,0,0,0,999.0,0.0,0.0,LOST,331,78,82,82,142.69,0.0,18.09,TRACKED,478,104,72,61,1.5,0.795,30.67,TRACKED
239,4: Recovery,False,True,487,101,60,60,0,0,0,0,999.0,0.0,0.0,LOST,333,78,78,78,145.67,0.0,19.02,TRACKED,480,101,72,61,1.12,0.82,32.9,TRACKED
240,4: Recovery,False,True,490,100,60,60,0,0,0,0,999.0,0.0,0.0,LOST,335,78,75,75,148.21,0.0,18.32,TRACKED,485,101,71,61,1.58,0.806,33.72,TRACKED
241,5: Loop & Scale,False,False,519,175,60,60,0,0,0,0,999.0,0.0,0.0,LOST,333,75,78,78,199.02,0.0,19.34,TRACKED,515,173,68,61,1.5,0.841,32.91,TRACKED
242,5: Loop & Scale,False,False,518,179,61,61,0,0,0,0,999.0,0.0,0.0,LOST,331,73,82,82,200.68,0.0,19.43,TRACKED,517,179,66,61,1.5,0.924,31.86,TRACKED
243,5: Loop & Scale,False,False,517,183,62,62,0,0,0,0,999.0,0.0,0.0,LOST,330,74,84,84,201.44,0.0,22.2,TRACKED,518,185,64,61,2.5,0.895,30.99,TRACKED
244,5: Loop & Scale,False,False,515,188,62,62,0,0,0,0,999.0,0.0,0.0,LOST,330,74,86,86,200.83,0.0,19.12,TRACKED,516,191,63,60,2.5,0.894,31.22,TRACKED
245,5: Loop & Scale,False,False,513,192,63,63,0,0,0,0,999.0,0.0,0.0,LOST,330,74,87,87,201.19,0.0,21.54,TRACKED,515,197,63,59,3.61,0.853,32.45,TRACKED
246,5: Loop & Scale,False,False,510,196,64,64,0,0,0,0,999.0,0.0,0.0,LOST,328,73,89,89,202.34,0.0,19.28,TRACKED,514,200,62,58,3.16,0.826,30.84,TRACKED
247,5: Loop & Scale,False,False,506,200,65,65,0,0,0,0,999.0,0.0,0.0,LOST,328,73,89,89,201.94,0.0,19.39,TRACKED,510,204,61,58,2.06,0.837,30.47,TRACKED
248,5: Loop & Scale,False,False,503,204,65,65,0,0,0,0,999.0,0.0,0.0,LOST,328,73,89,89,201.82,0.0,18.57,TRACKED,508,210,61,57,3.61,0.799,30.55,TRACKED
249,5: Loop & Scale,False,False,499,207,66,66,0,0,0,0,999.0,0.0,0.0,LOST,328,73,89,89,201.11,0.0,19.32,TRACKED,504,212,61,57,2.55,0.798,31.62,TRACKED
250,5: Loop & Scale,False,False,494,210,67,67,0,0,0,0,999.0,0.0,0.0,LOST,331,77,82,82,199.83,0.0,18.87,TRACKED,500,215,61,58,3.04,0.788,32.76,TRACKED
251,5: Loop & Scale,False,False,490,213,67,67,0,0,0,0,999.0,0.0,0.0,LOST,329,73,86,86,199.96,0.0,19.23,TRACKED,495,218,61,58,2.06,0.788,32.98,TRACKED
252,5: Loop & Scale,False,False,484,214,68,68,0,0,0,0,999.0,0.0,0.0,LOST,328,73,89,89,195.45,0.0,19.31,TRACKED,490,220,61,58,2.69,0.765,31.42,TRACKED
253,5: Loop & Scale,False,False,479,216,69,69,0,0,0,0,999.0,0.0,0.0,LOST,328,73,89,89,193.83,0.0,19.43,TRACKED,485,224,61,58,3.2,0.743,31.41,TRACKED
254,5: Loop & Scale,False,False,474,217,69,69,0,0,0,0,999.0,0.0,0.0,LOST,328,73,89,89,190.92,0.0,19.21,TRACKED,480,225,62,58,3.54,0.755,30.47,TRACKED
255,5: Loop & Scale,False,False,468,217,70,70,0,0,0,0,999.0,0.0,0.0,LOST,328,73,89,89,187.4,0.0,19.56,TRACKED,476,226,62,58,5.0,0.734,31.87,TRACKED
256,5: Loop & Scale,False,False,463,218,70,70,0,0,0,0,999.0,0.0,0.0,LOST,332,77,82,82,183.98,0.0,18.46,TRACKED,472,226,61,58,4.92,0.722,32.32,TRACKED
257,5: Loop & Scale,False,False,457,217,71,71,0,0,0,0,999.0,0.0,0.0,LOST,330,74,84,84,182.08,0.0,19.41,TRACKED,465,225,62,60,4.3,0.738,31.98,TRACKED
258,5: Loop & Scale,False,False,452,216,71,71,0,0,0,0,999.0,0.0,0.0,LOST,330,73,86,86,177.4,0.0,19.54,TRACKED,459,224,62,60,3.54,0.738,32.51,TRACKED
259,5: Loop & Scale,False,False,446,214,72,72,0,0,0,0,999.0,0.0,0.0,LOST,330,73,87,87,172.03,0.0,19.57,TRACKED,455,224,63,59,5.7,0.717,30.21,TRACKED
260,5: Loop & Scale,False,False,441,213,72,72,0,0,0,0,999.0,0.0,0.0,LOST,329,73,87,87,168.75,0.0,18.58,TRACKED,451,222,63,60,6.26,0.709,32.11,TRACKED
261,5: Loop & Scale,False,False,436,210,73,73,0,0,0,0,999.0,0.0,0.0,LOST,329,73,87,87,164.01,0.0,19.28,TRACKED,443,218,64,61,3.2,0.733,33.04,TRACKED
262,5: Loop & Scale,False,False,431,207,73,73,0,0,0,0,999.0,0.0,0.0,LOST,328,73,89,89,157.8,0.0,19.4,TRACKED,439,216,65,60,4.72,0.732,31.46,TRACKED
263,5: Loop & Scale,False,False,427,204,73,73,0,0,0,0,999.0,0.0,0.0,LOST,328,73,89,89,153.0,0.0,19.6,TRACKED,435,213,65,60,4.72,0.732,32.79,TRACKED
264,5: Loop & Scale,False,False,423,200,73,73,0,0,0,0,999.0,0.0,0.0,LOST,329,74,87,87,147.41,0.0,21.84,TRACKED,429,210,66,61,4.72,0.755,32.77,TRACKED
265,5: Loop & Scale,False,False,418,195,74,74,0,0,0,0,999.0,0.0,0.0,LOST,329,73,87,87,141.94,0.0,19.49,TRACKED,425,207,67,61,6.52,0.746,31.64,TRACKED
266,5: Loop & Scale,False,False,415,191,74,74,0,0,0,0,999.0,0.0,0.0,LOST,328,73,89,89,136.13,0.0,19.22,TRACKED,422,203,68,61,6.8,0.738,30.1,TRACKED
267,5: Loop & Scale,False,False,412,186,74,74,0,0,0,0,999.0,0.0,0.0,LOST,328,73,89,89,130.32,0.0,19.58,TRACKED,415,199,68,61,6.5,0.757,31.64,TRACKED
268,5: Loop & Scale,False,False,410,181,74,74,0,0,0,0,999.0,0.0,0.0,LOST,328,73,89,89,125.1,0.0,18.51,TRACKED,418,192,69,61,7.11,0.711,33.25,TRACKED
269,5: Loop & Scale,False,False,408,176,74,74,0,0,0,0,999.0,0.0,0.0,LOST,328,73,89,89,119.9,0.0,20.61,TRACKED,415,186,69,62,6.02,0.742,32.98,TRACKED
270,5: Loop & Scale,False,False,407,170,74,74,0,0,0,0,999.0,0.0,0.0,LOST,328,73,89,89,114.55,0.0,19.4,TRACKED,412,180,70,62,5.0,0.772,32.48,TRACKED
271,5: Loop & Scale,False,False,406,165,74,74,0,0,0,0,999.0,0.0,0.0,LOST,328,73,89,89,110.05,0.0,19.88,TRACKED,413,176,71,63,7.78,0.737,33.41,TRACKED
272,5: Loop & Scale,False,False,406,159,74,74,0,0,0,0,999.0,0.0,0.0,LOST,328,73,89,89,105.51,0.002,20.11,TRACKED,412,168,70,62,5.0,0.753,33.01,TRACKED
273,5: Loop & Scale,False,False,407,154,74,74,0,0,0,0,999.0,0.0,0.0,LOST,328,73,89,89,102.54,0.006,19.54,TRACKED,411,164,71,62,4.72,0.784,31.66,TRACKED
274,5: Loop & Scale,False,False,408,148,74,74,0,0,0,0,999.0,0.0,0.0,LOST,328,73,89,89,99.06,0.009,20.47,TRACKED,413,158,70,62,5.0,0.772,34.22,TRACKED
275,5: Loop & Scale,False,False,409,143,74,74,0,0,0,0,999.0,0.0,0.0,LOST,331,76,84,84,95.78,0.008,19.62,TRACKED,413,153,71,62,4.72,0.784,32.81,TRACKED
276,5: Loop & Scale,False,False,411,137,74,74,0,0,0,0,999.0,0.0,0.0,LOST,330,73,86,86,94.81,0.009,19.06,TRACKED,414,148,70,61,4.61,0.78,31.53,TRACKED
277,5: Loop & Scale,False,False,414,132,74,74,0,0,0,0,999.0,0.0,0.0,LOST,329,73,87,87,94.44,0.004,18.99,TRACKED,418,144,70,61,5.85,0.78,32.47,TRACKED
278,5: Loop & Scale,False,False,417,127,74,74,0,0,0,0,999.0,0.0,0.0,LOST,328,73,89,89,93.83,0.0,19.08,TRACKED,421,138,70,60,4.47,0.767,31.92,TRACKED
279,5: Loop & Scale,False,False,421,123,73,73,0,0,0,0,999.0,0.0,0.0,LOST,328,73,89,89,94.81,0.0,20.21,TRACKED,423,134,70,60,4.53,0.788,31.94,TRACKED
280,5: Loop & Scale,False,False,425,119,73,73,0,0,0,0,999.0,0.0,0.0,LOST,328,73,89,89,96.77,0.0,19.24,TRACKED,428,131,70,60,5.7,0.788,31.67,TRACKED
281,5: Loop & Scale,False,False,430,115,73,73,0,0,0,0,999.0,0.0,0.0,LOST,329,74,87,87,99.96,0.0,18.81,TRACKED,433,128,70,61,7.16,0.778,32.83,TRACKED
282,5: Loop & Scale,False,False,435,113,72,72,0,0,0,0,999.0,0.0,0.0,LOST,329,73,87,87,103.72,0.0,18.84,TRACKED,438,124,70,60,5.39,0.789,30.39,TRACKED
283,5: Loop & Scale,False,False,440,110,72,72,0,0,0,0,999.0,0.0,0.0,LOST,329,73,87,87,107.62,0.0,19.76,TRACKED,443,121,70,61,5.85,0.802,31.82,TRACKED
284,5: Loop & Scale,False,False,445,108,72,72,0,0,0,0,999.0,0.0,0.0,LOST,328,73,89,89,111.69,0.0,20.25,TRACKED,450,118,69,62,6.1,0.783,31.4,TRACKED
285,5: Loop & Scale,False,False,452,106,71,71,0,0,0,0,999.0,0.0,0.0,LOST,328,73,89,89,117.48,0.0,19.46,TRACKED,455,114,70,62,4.3,0.816,30.69,TRACKED
286,5: Loop & Scale,False,False,457,105,71,71,0,0,0,0,999.0,0.0,0.0,LOST,328,73,89,89,122.18,0.0,19.46,TRACKED,460,112,70,62,3.54,0.816,32.08,TRACKED
287,5: Loop & Scale,False,False,464,105,70,70,0,0,0,0,999.0,0.0,0.0,LOST,328,73,89,89,128.49,0.0,19.54,TRACKED,467,112,70,61,3.91,0.804,31.3,TRACKED
288,5: Loop & Scale,False,False,470,105,70,70,0,0,0,0,999.0,0.0,0.0,LOST,328,73,89,89,134.4,0.0,19.51,TRACKED,472,112,71,61,3.54,0.816,30.76,TRACKED
289,5: Loop & Scale,False,False,476,106,69,69,0,0,0,0,999.0,0.0,0.0,LOST,328,73,89,89,139.9,0.0,18.62,TRACKED,477,113,71,61,3.61,0.839,31.84,TRACKED
290,5: Loop & Scale,False,False,483,108,68,68,0,0,0,0,999.0,0.0,0.0,LOST,328,73,89,89,146.56,0.0,19.82,TRACKED,485,114,70,60,3.61,0.814,31.25,TRACKED
291,5: Loop & Scale,False,False,488,110,68,68,0,0,0,0,999.0,0.0,0.0,LOST,328,73,89,89,151.83,0.0,19.52,TRACKED,490,115,69,60,2.69,0.824,31.74,TRACKED
292,5: Loop & Scale,False,False,494,113,67,67,0,0,0,0,999.0,0.0,0.0,LOST,328,73,89,89,157.69,0.0,19.71,TRACKED,497,118,68,59,3.64,0.799,32.0,TRACKED
293,5: Loop & Scale,False,False,500,116,67,67,0,0,0,0,999.0,0.0,0.0,LOST,328,73,89,89,164.15,0.0,19.67,TRACKED,503,121,68,58,3.54,0.786,31.81,TRACKED
294,5: Loop & Scale,False,False,505,120,66,66,0,0,0,0,999.0,0.0,0.0,LOST,328,73,89,89,169.26,0.0,19.66,TRACKED,503,124,67,56,1.8,0.815,31.65,TRACKED
295,5: Loop & Scale,False,False,510,124,65,65,0,0,0,0,999.0,0.0,0.0,LOST,328,73,89,89,174.42,0.0,18.94,TRACKED,508,127,66,55,2.5,0.812,31.06,TRACKED
296,5: Loop & Scale,False,False,514,128,65,65,0,0,0,0,999.0,0.0,0.0,LOST,328,73,89,89,179.23,0.0,19.28,TRACKED,513,130,65,54,3.64,0.808,31.84,TRACKED
297,5: Loop & Scale,False,False,519,134,64,64,0,0,0,0,999.0,0.0,0.0,LOST,328,73,89,89,184.97,0.0,19.74,TRACKED,522,139,63,55,2.55,0.798,31.96,TRACKED
298,5: Loop & Scale,False,False,523,139,63,63,0,0,0,0,999.0,0.0,0.0,LOST,328,73,89,89,189.56,0.0,19.6,TRACKED,526,144,62,55,2.69,0.809,30.99,TRACKED
299,5: Loop & Scale,False,False,526,145,62,62,0,0,0,0,999.0,0.0,0.0,LOST,328,73,89,89,193.55,0.0,19.37,TRACKED,529,150,61,55,2.92,0.821,31.9,TRACKED
