frame,phase,occluded,blurred,gt_x,gt_y,gt_w,gt_h,py_x,py_y,py_w,py_h,py_err,py_iou,py_ms,py_status,cpp_x,cpp_y,cpp_w,cpp_h,cpp_err,cpp_iou,cpp_ms,cpp_status
1,1: Smooth,False,False,52,122,60,60,54,125,60,57,2.5,0.89,16.28,TRACKED,50,120,60,60,2.83,0.877,0.1,TRACKED
2,1: Smooth,False,False,54,125,60,60,57,127,60,56,3.0,0.847,16.59,TRACKED,54,125,60,57,1.5,0.95,17.78,TRACKED
3,1: Smooth,False,False,56,128,60,60,60,132,59,55,3.81,0.818,16.69,TRACKED,57,127,60,56,3.16,0.873,16.78,TRACKED
4,1: Smooth,False,False,58,131,60,60,61,134,59,54,2.5,0.83,16.93,TRACKED,60,132,59,55,2.12,0.873,16.42,TRACKED
5,1: Smooth,False,False,60,134,60,60,64,137,59,54,3.5,0.804,17.34,TRACKED,61,134,59,54,3.04,0.885,16.5,TRACKED
6,1: Smooth,False,False,62,136,60,60,66,141,59,54,4.03,0.804,17.53,TRACKED,64,137,59,54,2.5,0.857,17.67,TRACKED
7,1: Smooth,False,False,64,139,60,60,67,144,59,54,3.2,0.83,17.01,TRACKED,66,141,59,54,1.8,0.857,16.6,TRACKED
8,1: Smooth,False,False,66,141,60,60,69,145,58,54,2.24,0.842,17.99,TRACKED,67,144,59,54,0.5,0.885,18.08,TRACKED
9,1: Smooth,False,False,68,143,60,60,71,147,58,54,2.24,0.842,17.53,TRACKED,69,145,58,54,1.0,0.87,16.72,TRACKED
10,1: Smooth,False,False,70,145,60,60,74,149,57,54,2.69,0.828,18.05,TRACKED,71,147,58,54,1.0,0.87,16.77,TRACKED
11,1: Smooth,False,False,72,146,60,60,76,151,57,53,2.92,0.812,17.51,TRACKED,74,149,57,54,0.5,0.855,16.94,TRACKED
12,1: Smooth,False,False,74,147,60,60,77,152,56,53,1.8,0.824,16.87,TRACKED,76,151,57,53,0.71,0.839,16.54,TRACKED
13,1: Smooth,False,False,76,148,60,60,79,153,56,53,1.8,0.824,17.06,TRACKED,77,152,56,53,1.12,0.824,18.77,TRACKED
14,1: Smooth,False,False,78,149,60,60,81,154,56,53,1.8,0.824,17.07,TRACKED,79,153,56,53,1.12,0.824,17.0,TRACKED
15,1: Smooth,False,False,80,149,60,60,83,155,56,53,2.69,0.824,16.91,TRACKED,81,154,56,53,1.8,0.824,16.85,TRACKED
16,1: Smooth,False,False,82,149,60,60,85,155,56,53,2.69,0.824,17.23,TRACKED,83,155,56,53,2.69,0.824,16.98,TRACKED
17,1: Smooth,False,False,84,149,60,60,87,156,56,53,3.64,0.824,17.25,TRACKED,85,155,56,53,2.69,0.824,17.25,TRACKED
18,1: Smooth,False,False,86,149,60,60,89,156,57,53,3.81,0.839,17.16,TRACKED,87,156,56,53,3.64,0.824,17.0,TRACKED
19,1: Smooth,False,False,88,148,60,60,92,154,57,53,3.54,0.812,17.43,TRACKED,89,156,57,53,4.53,0.811,17.32,TRACKED
20,1: Smooth,False,False,90,147,60,60,94,153,56,53,3.2,0.824,17.02,TRACKED,92,154,57,53,3.54,0.839,19.2,TRACKED
21,1: Smooth,False,False,92,145,60,60,96,151,56,53,3.2,0.824,17.42,TRACKED,94,153,56,53,4.5,0.796,16.82,TRACKED
22,1: Smooth,False,False,94,144,60,60,98,150,56,53,3.2,0.824,17.24,TRACKED,96,151,56,53,3.5,0.824,16.96,TRACKED
23,1: Smooth,False,False,96,142,60,60,101,149,56,53,4.61,0.798,18.1,TRACKED,98,150,56,53,4.5,0.796,16.86,TRACKED
24,1: Smooth,False,False,98,140,60,60,103,146,56,53,3.91,0.798,17.35,TRACKED,101,149,56,53,5.59,0.769,16.64,TRACKED
25,1: Smooth,False,False,100,137,60,60,105,142,57,54,4.03,0.801,16.86,TRACKED,103,146,56,53,5.59,0.769,16.52,TRACKED
26,1: Smooth,False,False,102,135,60,60,107,141,57,54,4.61,0.801,17.14,TRACKED,105,142,57,54,4.27,0.826,16.73,TRACKED
27,1: Smooth,False,False,104,132,60,60,108,137,57,55,3.54,0.843,17.4,TRACKED,107,141,57,54,6.18,0.771,17.17,TRACKED
28,1: Smooth,False,False,106,130,60,60,111,135,57,54,4.03,0.801,17.24,TRACKED,108,137,57,55,4.53,0.813,17.03,TRACKED
29,1: Smooth,False,False,108,127,60,60,113,132,57,55,4.3,0.815,17.33,TRACKED,111,135,57,54,5.22,0.798,16.84,TRACKED
30,1: Smooth,False,False,110,124,60,60,114,130,58,55,4.61,0.803,16.86,TRACKED,113,132,57,55,5.7,0.786,17.55,TRACKED
31,1: Smooth,False,False,112,121,60,60,116,124,58,56,3.16,0.845,16.87,TRACKED,114,130,58,55,6.58,0.772,18.34,TRACKED
32,1: Smooth,False,False,114,118,60,60,119,124,57,55,4.95,0.789,17.23,TRACKED,116,124,58,56,4.12,0.843,16.64,TRACKED
33,1: Smooth,False,False,116,115,60,60,120,120,57,56,3.91,0.83,16.86,TRACKED,119,124,57,55,6.67,0.759,16.92,TRACKED
34,1: Smooth,False,False,118,112,60,60,121,115,58,56,2.24,0.873,17.77,TRACKED,120,120,57,56,6.02,0.774,16.93,TRACKED
35,1: Smooth,False,False,120,109,60,60,123,113,58,56,2.83,0.873,17.29,TRACKED,121,115,58,56,4.0,0.843,16.53,TRACKED
36,1: Smooth,False,False,122,106,60,60,126,112,58,55,4.61,0.803,17.15,TRACKED,123,113,58,56,5.0,0.815,17.36,TRACKED
37,1: Smooth,False,False,124,104,60,60,128,109,58,55,3.91,0.83,17.9,TRACKED,126,112,58,55,5.59,0.799,17.37,TRACKED
38,1: Smooth,False,False,126,101,60,60,130,106,58,55,3.91,0.83,17.1,TRACKED,128,109,58,55,5.59,0.799,16.79,TRACKED
39,1: Smooth,False,False,128,99,60,60,131,105,58,55,4.03,0.829,17.37,TRACKED,130,106,58,55,4.61,0.827,17.13,TRACKED
40,1: Smooth,False,False,130,97,60,60,133,101,58,55,2.5,0.858,17.4,TRACKED,131,105,58,55,5.5,0.799,16.64,TRACKED
41,1: Smooth,False,False,132,95,60,60,135,100,59,54,3.2,0.83,16.97,TRACKED,133,101,58,55,3.5,0.856,17.64,TRACKED
42,1: Smooth,False,False,134,93,60,60,137,98,59,54,3.2,0.83,17.38,TRACKED,135,100,59,54,4.03,0.855,17.07,TRACKED
43,1: Smooth,False,False,136,92,60,60,139,97,59,54,3.2,0.83,17.26,TRACKED,137,98,59,54,3.04,0.885,17.15,TRACKED
44,1: Smooth,False,False,138,91,60,60,140,96,59,55,2.92,0.873,16.95,TRACKED,139,97,59,54,3.04,0.885,17.22,TRACKED
45,1: Smooth,False,False,140,90,60,60,143,95,58,54,2.83,0.842,17.19,TRACKED,140,96,59,55,3.54,0.871,16.65,TRACKED
46,1: Smooth,False,False,142,90,60,60,145,95,58,54,2.83,0.842,17.37,TRACKED,143,95,58,54,2.0,0.87,17.08,TRACKED
47,1: Smooth,False,False,144,90,60,60,147,95,58,54,2.83,0.842,17.11,TRACKED,145,95,58,54,2.0,0.87,16.71,TRACKED
48,1: Smooth,False,False,146,90,60,60,151,97,57,53,4.95,0.787,17.62,TRACKED,147,95,58,54,2.0,0.87,16.57,TRACKED
49,1: Smooth,False,False,148,90,60,60,152,95,57,54,3.2,0.828,17.27,TRACKED,151,97,57,53,3.81,0.839,16.41,TRACKED
50,1: Smooth,False,False,150,91,60,60,154,97,57,54,3.91,0.828,17.7,TRACKED,152,95,57,54,1.12,0.855,16.63,TRACKED
51,1: Smooth,False,False,152,92,60,60,156,98,57,53,3.54,0.812,17.55,TRACKED,154,97,57,54,2.06,0.855,16.66,TRACKED
52,1: Smooth,False,False,154,93,60,60,158,99,56,53,3.2,0.824,17.07,TRACKED,156,98,57,53,1.58,0.839,16.48,TRACKED
53,1: Smooth,False,False,156,95,60,60,160,100,55,53,2.12,0.81,17.09,TRACKED,158,99,56,53,0.5,0.824,16.84,TRACKED
54,1: Smooth,False,False,158,96,60,60,162,101,56,53,2.5,0.824,16.9,TRACKED,160,100,55,53,0.71,0.81,16.82,TRACKED
55,1: Smooth,False,False,160,98,60,60,164,103,55,53,2.12,0.81,17.74,TRACKED,162,101,56,53,0.5,0.824,17.14,TRACKED
56,1: Smooth,False,False,162,101,60,60,167,107,55,53,3.54,0.81,17.21,TRACKED,164,103,55,53,1.58,0.81,16.86,TRACKED
57,1: Smooth,False,False,164,103,60,60,168,108,55,53,2.12,0.81,17.38,TRACKED,167,107,55,53,0.71,0.81,16.52,TRACKED
58,1: Smooth,False,False,166,106,60,60,171,112,55,53,3.54,0.81,17.02,TRACKED,168,108,55,53,1.58,0.81,17.12,TRACKED
59,1: Smooth,False,False,168,108,60,60,173,113,55,53,2.92,0.81,17.07,TRACKED,171,112,55,53,0.71,0.81,17.08,TRACKED
60,1: Smooth,False,False,170,111,60,60,175,116,55,53,2.92,0.81,17.27,TRACKED,173,113,55,53,1.58,0.81,16.74,TRACKED
61,2: Fast Jerk,False,True,172,140,60,60,174,140,57,55,2.55,0.871,17.46,TRACKED,175,116,55,53,27.5,0.324,16.9,TRACKED
62,2: Fast Jerk,False,False,174,159,60,60,177,161,57,55,1.58,0.871,17.27,TRACKED,174,140,57,55,21.55,0.438,16.77,TRACKED
63,2: Fast Jerk,False,False,176,174,60,60,178,176,56,56,0.0,0.871,17.97,TRACKED,177,161,57,55,15.51,0.551,16.91,TRACKED
64,2: Fast Jerk,False,False,178,185,60,60,180,187,57,55,0.71,0.871,18.12,TRACKED,178,176,56,56,11.18,0.641,16.52,TRACKED
65,2: Fast Jerk,False,True,180,189,60,60,181,192,59,55,0.71,0.901,17.18,TRACKED,180,187,57,55,4.74,0.813,17.16,TRACKED
66,2: Fast Jerk,False,True,182,188,60,60,182,191,61,56,1.12,0.919,17.27,TRACKED,181,192,59,55,2.12,0.873,16.7,TRACKED
67,2: Fast Jerk,False,False,184,180,60,60,184,184,60,55,1.5,0.917,17.36,TRACKED,182,191,61,56,9.12,0.701,16.8,TRACKED
68,2: Fast Jerk,False,False,186,167,60,60,187,171,59,56,2.06,0.918,17.38,TRACKED,184,184,60,55,14.64,0.566,16.72,TRACKED
69,2: Fast Jerk,False,False,188,149,60,60,188,154,58,56,3.16,0.872,17.66,TRACKED,187,171,59,56,20.06,0.469,17.28,TRACKED
70,2: Fast Jerk,False,True,190,129,60,60,190,137,59,57,6.52,0.788,17.19,TRACKED,188,154,58,56,23.19,0.401,17.25,TRACKED
71,2: Fast Jerk,False,True,192,108,60,60,192,114,61,57,4.53,0.844,17.02,TRACKED,190,137,59,57,27.61,0.34,17.21,TRACKED
72,2: Fast Jerk,False,False,194,89,60,60,194,93,59,57,2.55,0.903,17.42,TRACKED,192,114,61,57,23.55,0.412,17.28,TRACKED
73,2: Fast Jerk,False,False,196,71,60,60,196,76,59,57,3.54,0.873,17.4,TRACKED,194,93,59,57,20.65,0.452,17.62,TRACKED
74,2: Fast Jerk,False,False,198,58,60,60,197,66,58,57,6.8,0.752,17.88,TRACKED,196,76,59,57,16.69,0.524,16.92,TRACKED
75,2: Fast Jerk,False,True,200,51,60,60,201,56,59,57,3.54,0.873,17.18,TRACKED,197,66,58,57,14.08,0.559,17.45,TRACKED
76,2: Fast Jerk,False,True,202,50,60,60,202,54,61,58,3.04,0.889,17.27,TRACKED,201,56,59,57,4.74,0.818,17.58,TRACKED
77,2: Fast Jerk,False,False,204,55,60,60,205,58,61,56,1.8,0.89,17.57,TRACKED,202,54,61,58,2.5,0.891,16.69,TRACKED
78,2: Fast Jerk,False,False,206,65,60,60,208,67,59,57,1.58,0.904,17.24,TRACKED,205,58,61,56,9.01,0.721,16.97,TRACKED
79,2: Fast Jerk,False,False,208,81,60,60,210,82,58,58,1.0,0.934,16.98,TRACKED,208,67,59,57,15.51,0.573,16.68,TRACKED
80,2: Fast Jerk,False,True,210,100,60,60,211,99,59,57,2.55,0.903,17.23,TRACKED,210,82,58,58,19.03,0.5,16.93,TRACKED
81,2: Fast Jerk,False,True,212,121,60,60,211,121,60,58,1.41,0.935,16.96,TRACKED,211,99,59,57,23.55,0.412,16.81,TRACKED
82,2: Fast Jerk,False,False,214,141,60,60,215,141,59,58,1.12,0.951,16.88,TRACKED,211,121,60,58,21.21,0.441,16.77,TRACKED
83,2: Fast Jerk,False,False,216,160,60,60,218,162,58,59,1.8,0.92,17.14,TRACKED,215,141,59,58,20.06,0.475,16.69,TRACKED
84,2: Fast Jerk,False,False,218,175,60,60,221,176,57,59,1.58,0.934,17.13,TRACKED,218,162,58,59,13.54,0.613,16.91,TRACKED
85,2: Fast Jerk,False,True,220,185,60,60,220,184,59,58,2.06,0.919,17.03,TRACKED,221,176,57,59,9.51,0.693,16.77,TRACKED
86,2: Fast Jerk,False,True,222,189,60,60,222,189,60,58,1.0,0.967,17.32,TRACKED,220,184,59,58,6.5,0.755,17.21,TRACKED
87,2: Fast Jerk,False,False,224,187,60,60,224,191,61,57,2.55,0.904,18.68,TRACKED,222,189,60,58,2.24,0.905,17.95,TRACKED
88,2: Fast Jerk,False,False,226,179,60,60,226,182,60,57,1.5,0.95,17.34,TRACKED,224,191,61,57,10.61,0.667,17.31,TRACKED
89,2: Fast Jerk,False,False,228,166,60,60,228,172,59,57,4.53,0.844,17.56,TRACKED,226,182,60,57,14.64,0.571,16.91,TRACKED
90,2: Fast Jerk,False,True,230,148,60,60,230,154,59,57,4.53,0.844,17.9,TRACKED,228,172,59,57,22.64,0.418,16.88,TRACKED
91,2: Fast Jerk,False,True,232,128,60,60,230,136,60,58,7.28,0.742,17.66,TRACKED,230,154,59,57,24.63,0.386,16.79,TRACKED
92,2: Fast Jerk,False,False,234,107,60,60,235,111,58,58,3.0,0.874,17.64,TRACKED,230,136,60,58,28.28,0.325,16.76,TRACKED
93,2: Fast Jerk,False,False,236,87,60,60,236,91,58,58,3.16,0.874,17.91,TRACKED,235,111,58,58,23.09,0.418,17.03,TRACKED
94,2: Fast Jerk,False,False,238,71,60,60,240,77,57,56,4.03,0.829,17.14,TRACKED,236,91,58,58,19.24,0.474,17.42,TRACKED
95,2: Fast Jerk,False,True,240,58,60,60,240,65,58,58,6.08,0.79,17.34,TRACKED,240,77,57,56,17.07,0.525,16.82,TRACKED
96,2: Fast Jerk,False,True,242,51,60,60,241,56,60,57,3.64,0.86,17.24,TRACKED,240,65,58,58,13.34,0.587,16.91,TRACKED
97,2: Fast Jerk,False,False,244,50,60,60,245,54,59,56,2.06,0.918,17.41,TRACKED,241,56,60,57,5.41,0.781,16.78,TRACKED
98,2: Fast Jerk,False,False,246,55,60,60,248,59,60,55,2.5,0.86,17.21,TRACKED,245,54,59,56,3.35,0.859,18.13,TRACKED
99,2: Fast Jerk,False,False,248,66,60,60,251,68,58,55,2.06,0.858,17.18,TRACKED,248,59,60,55,9.5,0.716,18.46,TRACKED
100,2: Fast Jerk,False,True,250,82,60,60,250,82,60,56,2.0,0.933,17.64,TRACKED,251,68,58,55,16.5,0.539,18.7,TRACKED
101,2: Fast Jerk,False,True,252,101,60,60,252,98,60,58,4.0,0.873,17.4,TRACKED,250,82,60,56,21.1,0.446,18.28,TRACKED
102,2: Fast Jerk,False,False,254,122,60,60,255,123,58,59,0.5,0.951,17.76,TRACKED,252,98,60,58,25.08,0.386,17.55,TRACKED
103,2: Fast Jerk,False,False,256,142,60,60,258,143,58,58,1.0,0.934,17.58,TRACKED,255,123,58,59,19.6,0.481,16.96,TRACKED
104,2: Fast Jerk,False,False,258,161,60,60,261,164,57,57,2.12,0.902,18.14,TRACKED,258,143,58,58,19.03,0.5,17.14,TRACKED
105,2: Fast Jerk,False,True,260,176,60,60,261,176,58,57,1.5,0.918,17.14,TRACKED,261,164,57,57,13.51,0.599,16.67,TRACKED
106,2: Fast Jerk,False,True,262,186,60,60,263,186,59,57,1.58,0.934,17.45,TRACKED,261,176,58,57,11.67,0.634,16.75,TRACKED
107,2: Fast Jerk,False,False,264,189,60,60,266,193,59,55,2.12,0.873,17.06,TRACKED,263,186,59,57,4.74,0.818,16.78,TRACKED
108,2: Fast Jerk,False,False,266,187,60,60,268,191,58,56,2.24,0.902,17.35,TRACKED,266,193,59,55,3.54,0.871,16.96,TRACKED
109,2: Fast Jerk,False,False,268,179,60,60,271,183,57,56,2.5,0.887,17.04,TRACKED,268,191,58,56,10.05,0.685,17.03,TRACKED
110,2: Fast Jerk,False,True,270,165,60,60,271,172,59,57,5.52,0.815,17.17,TRACKED,271,183,57,56,16.01,0.544,16.77,TRACKED
111,2: Fast Jerk,False,True,272,147,60,60,271,154,60,59,6.58,0.779,17.2,TRACKED,271,172,59,57,23.55,0.412,16.83,TRACKED
112,2: Fast Jerk,False,False,274,127,60,60,274,130,59,58,2.06,0.919,17.6,TRACKED,271,154,60,59,26.67,0.358,17.13,TRACKED
113,2: Fast Jerk,False,False,276,106,60,60,276,111,58,58,4.12,0.845,18.37,TRACKED,274,130,59,58,23.14,0.413,16.84,TRACKED
114,2: Fast Jerk,False,False,278,86,60,60,278,93,58,57,5.59,0.802,18.1,TRACKED,276,111,58,58,24.19,0.392,17.28,TRACKED
115,2: Fast Jerk,False,True,280,70,60,60,279,76,60,57,4.61,0.831,17.82,TRACKED,278,93,58,57,21.71,0.429,17.64,TRACKED
116,2: Fast Jerk,False,True,282,57,60,60,280,65,61,57,6.67,0.765,18.47,TRACKED,279,76,60,57,17.76,0.499,17.35,TRACKED
117,2: Fast Jerk,False,False,284,51,60,60,282,55,61,57,2.92,0.876,18.46,TRACKED,280,65,61,57,12.98,0.589,16.86,TRACKED
118,2: Fast Jerk,False,False,286,50,60,60,286,54,61,57,2.55,0.904,28.49,TRACKED,282,55,61,57,4.95,0.795,17.26,TRACKED
119,2: Fast Jerk,False,False,288,56,60,60,289,59,60,55,1.12,0.888,28.88,TRACKED,286,54,61,57,3.81,0.847,16.96,TRACKED
120,2: Fast Jerk,False,True,290,67,60,60,289,68,61,56,1.12,0.919,26.6,TRACKED,289,59,60,55,10.55,0.672,17.28,TRACKED
121,3: Occlusion,False,False,290,121,60,60,291,121,60,57,1.8,0.92,22.11,TRACKED,289,68,61,56,55.0,0.026,17.4,TRACKED
122,3: Occlusion,False,False,291,122,60,60,295,127,60,55,4.72,0.806,21.47,TRACKED,291,121,60,57,2.5,0.918,17.23,TRACKED
123,3: Occlusion,False,False,292,124,60,60,294,129,60,55,3.2,0.86,23.39,TRACKED,295,127,60,55,3.04,0.833,16.93,TRACKED
124,3: Occlusion,False,False,292,125,60,60,294,131,59,55,3.81,0.844,19.28,TRACKED,294,129,60,55,2.5,0.86,16.92,TRACKED
125,3: Occlusion,False,False,293,126,60,60,296,132,58,54,3.61,0.842,19.88,TRACKED,294,131,59,55,2.55,0.901,16.92,TRACKED
126,3: Occlusion,False,False,294,128,60,60,298,133,58,54,3.61,0.816,18.31,TRACKED,296,132,58,54,1.41,0.87,17.88,TRACKED
127,3: Occlusion,False,False,294,129,60,60,297,137,58,53,4.92,0.799,17.91,TRACKED,298,133,58,54,3.16,0.816,17.22,TRACKED
128,3: Occlusion,False,False,295,130,60,60,299,135,58,54,3.61,0.816,17.5,TRACKED,297,137,58,53,3.64,0.854,17.27,TRACKED
129,3: Occlusion,False,False,296,132,60,60,301,137,57,54,4.03,0.801,17.06,TRACKED,299,135,58,54,2.0,0.842,17.56,TRACKED
130,3: Occlusion,True,False,296,133,60,60,303,138,57,54,5.85,0.75,17.42,TRACKED,301,137,57,54,3.64,0.801,18.15,TRACKED
131,3: Occlusion,True,False,297,134,60,60,304,138,57,54,5.59,0.75,17.77,TRACKED,303,138,57,54,4.61,0.775,17.47,TRACKED
132,3: Occlusion,True,False,298,136,60,60,305,138,57,54,5.59,0.75,17.6,TRACKED,304,138,57,54,4.61,0.775,17.47,TRACKED
133,3: Occlusion,True,False,298,137,60,60,305,139,57,54,5.59,0.75,17.09,TRACKED,305,138,57,54,5.85,0.75,17.07,TRACKED
134,3: Occlusion,True,False,299,138,60,60,305,139,57,54,4.92,0.775,17.13,TRACKED,305,139,57,54,4.92,0.775,17.18,TRACKED
135,3: Occlusion,True,False,300,140,60,60,305,139,57,54,5.32,0.775,17.44,TRACKED,305,139,57,54,5.32,0.775,16.9,TRACKED
136,3: Occlusion,True,False,300,141,60,60,305,140,57,54,5.32,0.775,18.36,TRACKED,305,139,57,54,6.1,0.749,17.02,TRACKED
137,3: Occlusion,True,False,301,142,60,60,305,140,57,54,5.59,0.773,17.71,TRACKED,305,140,57,54,5.59,0.773,16.86,TRACKED
138,3: Occlusion,True,False,302,144,60,60,306,141,57,54,6.5,0.747,18.13,TRACKED,305,140,57,54,7.16,0.745,17.19,TRACKED
139,3: Occlusion,True,False,302,145,60,60,306,141,57,54,7.43,0.722,17.42,TRACKED,306,141,57,54,7.43,0.722,17.32,TRACKED
140,3: Occlusion,True,False,303,146,60,60,306,141,57,54,8.14,0.719,17.44,TRACKED,306,141,57,54,8.14,0.719,17.14,TRACKED
141,3: Occlusion,True,False,304,148,60,60,306,142,57,54,9.01,0.694,18.04,TRACKED,306,141,57,54,10.01,0.67,17.69,TRACKED
142,3: Occlusion,True,False,304,149,60,60,306,142,57,54,10.01,0.67,17.46,TRACKED,306,142,57,54,10.01,0.67,16.98,TRACKED
143,3: Occlusion,True,False,305,150,60,60,306,142,57,54,11.01,0.646,17.47,TRACKED,306,142,57,54,11.01,0.646,17.51,TRACKED
144,3: Occlusion,True,False,306,152,60,60,306,143,57,54,12.09,0.624,17.51,TRACKED,306,142,57,54,13.09,0.601,17.34,TRACKED
145,3: Occlusion,True,False,306,153,60,60,306,143,57,54,13.09,0.601,18.1,TRACKED,306,143,57,54,13.09,0.601,16.97,TRACKED
146,3: Occlusion,True,False,307,154,60,60,306,143,57,54,14.22,0.564,17.3,TRACKED,306,143,57,54,14.22,0.564,17.14,TRACKED
147,3: Occlusion,True,False,308,156,60,60,306,144,57,54,15.4,0.529,17.21,TRACKED,306,143,57,54,16.38,0.51,17.49,TRACKED
148,3: Occlusion,True,False,308,157,60,60,306,144,57,54,16.38,0.51,17.34,TRACKED,306,144,57,54,16.38,0.51,17.03,TRACKED
149,3: Occlusion,True,False,309,158,60,60,306,144,57,54,17.59,0.478,17.45,TRACKED,306,144,57,54,17.59,0.478,16.96,TRACKED
150,3: Occlusion,True,False,310,160,60,60,306,145,57,54,18.82,0.448,17.47,TRACKED,306,144,57,54,19.78,0.432,16.55,TRACKED
151,3: Occlusion,True,False,310,161,60,60,306,145,57,54,19.78,0.432,17.95,TRACKED,306,145,57,54,19.78,0.432,17.03,TRACKED
152,3: Occlusion,True,False,311,162,60,60,306,146,57,54,20.08,0.42,18.57,TRACKED,306,145,57,54,21.03,0.405,17.59,TRACKED
153,3: Occlusion,True,False,312,164,60,60,306,146,57,54,22.3,0.379,17.88,TRACKED,306,146,57,54,22.3,0.379,16.91,TRACKED
154,3: Occlusion,True,False,312,165,60,60,307,146,57,54,22.94,0.375,18.68,TRACKED,306,146,57,54,23.24,0.365,17.57,TRACKED
155,3: Occlusion,True,False,313,166,60,60,307,147,57,54,23.24,0.365,17.13,TRACKED,307,146,57,54,24.19,0.351,17.39,TRACKED
156,3: Occlusion,True,False,314,168,60,60,308,148,57,54,24.19,0.351,17.21,TRACKED,307,147,57,54,25.46,0.328,17.5,TRACKED
157,3: Occlusion,True,False,314,169,60,60,309,148,57,54,24.86,0.346,17.47,TRACKED,308,148,57,54,25.14,0.337,17.59,TRACKED
158,3: Occlusion,True,False,315,170,60,60,309,149,57,54,25.14,0.337,17.23,TRACKED,309,148,57,54,26.1,0.323,17.11,TRACKED
159,3: Occlusion,True,False,316,172,60,60,310,149,57,54,27.06,0.31,18.29,TRACKED,309,149,57,54,27.35,0.302,17.14,TRACKED
160,3: Occlusion,True,False,316,173,60,60,310,150,57,54,27.06,0.31,17.85,TRACKED,310,149,57,54,28.02,0.297,17.16,TRACKED
161,3: Occlusion,True,False,317,174,60,60,311,150,57,54,28.02,0.297,17.59,TRACKED,310,150,57,54,28.31,0.29,17.11,TRACKED
162,3: Occlusion,True,False,318,176,60,60,311,151,57,54,29.26,0.277,17.77,TRACKED,311,150,57,54,30.22,0.265,16.94,TRACKED
163,3: Occlusion,True,False,318,177,60,60,311,151,57,54,30.22,0.265,17.67,TRACKED,311,151,57,54,30.22,0.265,17.01,TRACKED
164,3: Occlusion,True,False,319,178,60,60,312,151,57,54,31.18,0.253,18.09,TRACKED,311,151,57,54,31.47,0.247,17.04,TRACKED
165,3: Occlusion,True,False,320,180,60,60,312,151,57,54,33.38,0.225,17.69,TRACKED,312,151,57,54,33.38,0.225,17.4,TRACKED
166,3: Occlusion,True,False,320,181,60,60,313,151,57,54,34.08,0.219,17.74,TRACKED,312,151,57,54,34.34,0.214,17.07,TRACKED
167,3: Occlusion,True,False,321,182,60,60,313,152,57,54,34.34,0.214,17.49,TRACKED,313,151,57,54,35.3,0.203,17.47,TRACKED
168,3: Occlusion,True,False,322,184,60,60,313,153,57,54,35.58,0.198,18.46,TRACKED,313,152,57,54,36.54,0.188,17.12,TRACKED
169,3: Occlusion,True,False,322,185,60,60,313,153,57,54,36.54,0.188,18.78,TRACKED,313,153,57,54,36.54,0.188,17.57,TRACKED
170,3: Occlusion,True,False,323,186,60,60,314,154,57,54,36.54,0.188,17.78,TRACKED,313,153,57,54,37.79,0.173,16.79,TRACKED
171,3: Occlusion,False,False,324,188,60,60,325,190,57,55,0.71,0.871,17.84,TRACKED,314,154,57,54,38.75,0.164,17.78,TRACKED
172,3: Occlusion,False,False,324,189,60,60,328,193,57,54,2.69,0.828,17.36,TRACKED,325,190,57,55,1.58,0.871,17.44,TRACKED
173,3: Occlusion,False,False,325,190,60,60,330,195,57,54,4.03,0.801,17.52,TRACKED,328,193,57,54,1.5,0.855,17.29,TRACKED
174,3: Occlusion,False,False,326,192,60,60,330,198,57,54,3.91,0.828,17.5,TRACKED,330,195,57,54,2.5,0.828,17.18,TRACKED
175,3: Occlusion,False,False,326,193,60,60,330,199,57,54,3.91,0.828,17.3,TRACKED,330,198,57,54,3.2,0.828,17.28,TRACKED
176,3: Occlusion,False,False,327,194,60,60,331,200,57,54,3.91,0.828,18.03,TRACKED,330,199,57,54,2.5,0.855,17.18,TRACKED
177,3: Occlusion,False,False,328,196,60,60,332,202,57,54,3.91,0.828,18.57,TRACKED,331,200,57,54,1.8,0.855,17.77,TRACKED
178,3: Occlusion,False,False,328,197,60,60,332,203,57,54,3.91,0.828,17.51,TRACKED,332,202,57,54,3.2,0.828,17.33,TRACKED
179,3: Occlusion,False,False,329,198,60,60,333,204,57,54,3.91,0.828,17.36,TRACKED,332,203,57,54,2.5,0.855,17.38,TRACKED
180,3: Occlusion,False,False,330,200,60,60,334,207,57,53,4.3,0.812,17.45,TRACKED,333,204,57,54,1.8,0.855,17.53,TRACKED
181,4: Recovery,False,True,332,198,60,60,334,204,59,54,3.35,0.857,17.51,TRACKED,334,207,57,53,5.52,0.783,16.89,TRACKED
182,4: Recovery,False,True,335,196,60,60,335,202,60,55,3.5,0.885,17.36,TRACKED,334,204,59,54,5.22,0.8,17.07,TRACKED
183,4: Recovery,False,True,338,195,60,60,336,199,62,56,2.24,0.905,17.44,TRACKED,335,202,60,55,5.41,0.779,18.21,TRACKED
184,4: Recovery,False,True,340,193,60,60,339,197,63,57,2.55,0.877,18.11,TRACKED,336,199,62,56,5.0,0.795,17.19,TRACKED
185,4: Recovery,False,True,343,191,60,60,341,194,65,58,2.06,0.866,17.64,TRACKED,339,197,63,57,5.15,0.796,17.13,TRACKED
186,4: Recovery,False,True,346,190,60,60,344,193,65,58,2.06,0.866,19.17,TRACKED,341,194,65,58,3.91,0.838,17.28,TRACKED
187,4: Recovery,False,True,348,188,60,60,345,191,66,59,2.5,0.839,19.16,TRACKED,344,193,65,58,4.27,0.811,17.57,TRACKED
188,4: Recovery,False,True,351,186,60,60,348,188,67,59,1.58,0.854,21.9,TRACKED,345,191,66,59,5.41,0.787,17.37,TRACKED
189,4: Recovery,False,True,354,185,60,60,350,187,67,60,2.06,0.841,20.61,TRACKED,348,188,67,59,3.54,0.827,17.37,TRACKED
190,4: Recovery,False,True,356,183,60,60,353,184,67,60,1.12,0.868,19.75,TRACKED,350,187,67,60,4.72,0.789,16.65,TRACKED
191,4: Recovery,False,True,359,181,60,60,355,183,68,61,2.5,0.815,18.56,TRACKED,353,184,67,60,3.91,0.814,17.2,TRACKED
192,4: Recovery,False,True,362,180,60,60,359,181,68,61,1.8,0.841,19.16,TRACKED,355,183,68,61,4.61,0.79,17.12,TRACKED
193,4: Recovery,False,True,364,178,60,60,361,179,69,61,2.12,0.829,20.57,TRACKED,359,181,68,61,3.64,0.79,17.26,TRACKED
194,4: Recovery,False,True,367,176,60,60,364,177,69,61,2.12,0.829,19.94,TRACKED,361,179,69,61,3.81,0.779,17.3,TRACKED
195,4: Recovery,False,True,370,175,60,60,366,176,69,61,1.58,0.829,19.33,TRACKED,364,177,69,61,2.92,0.804,17.34,TRACKED
196,4: Recovery,False,True,372,173,60,60,368,174,69,61,1.58,0.829,19.53,TRACKED,366,176,69,61,3.81,0.779,17.43,TRACKED
197,4: Recovery,False,True,375,171,60,60,371,172,70,62,2.24,0.805,19.21,TRACKED,368,174,69,61,4.3,0.779,17.0,TRACKED
198,4: Recovery,False,True,378,170,60,60,374,169,70,62,1.0,0.829,19.14,TRACKED,371,172,70,62,3.61,0.78,17.29,TRACKED
199,4: Recovery,False,True,380,168,60,60,375,168,71,62,1.12,0.818,19.34,TRACKED,374,169,70,62,2.24,0.805,18.84,TRACKED
200,4: Recovery,False,True,383,166,60,60,377,166,71,62,1.12,0.818,20.0,TRACKED,375,168,71,62,3.91,0.77,20.72,TRACKED
201,4: Recovery,False,True,386,165,60,60,381,165,71,62,1.12,0.818,19.68,TRACKED,377,166,71,62,4.03,0.793,18.09,TRACKED
202,4: Recovery,False,True,388,163,60,60,382,163,72,62,1.0,0.806,18.84,TRACKED,381,165,71,62,3.35,0.77,17.15,TRACKED
203,4: Recovery,False,True,391,161,60,60,384,162,72,61,1.8,0.795,18.92,TRACKED,382,163,72,62,4.24,0.759,17.02,TRACKED
204,4: Recovery,False,True,394,160,60,60,387,161,72,61,1.8,0.795,19.6,TRACKED,384,162,72,61,4.72,0.771,17.12,TRACKED
205,4: Recovery,False,True,396,158,60,60,390,159,73,61,1.58,0.784,18.49,TRACKED,387,161,72,61,4.61,0.748,17.36,TRACKED
206,4: Recovery,False,True,399,156,60,60,392,156,73,60,0.5,0.822,17.33,TRACKED,390,159,73,61,4.3,0.738,18.15,TRACKED
207,4: Recovery,False,True,402,155,60,60,395,156,72,61,1.8,0.795,17.55,TRACKED,392,156,73,60,3.64,0.797,17.15,TRACKED
208,4: Recovery,False,True,404,153,60,60,397,154,72,61,1.8,0.795,18.31,TRACKED,395,156,72,61,4.61,0.748,17.2,TRACKED
209,4: Recovery,False,True,407,151,60,60,400,152,72,61,1.8,0.795,17.58,TRACKED,397,154,72,61,5.32,0.748,17.19,TRACKED
210,4: Recovery,False,True,410,150,60,60,404,151,72,61,1.5,0.795,17.64,TRACKED,400,152,72,61,4.72,0.771,18.17,TRACKED
211,4: Recovery,False,True,412,148,60,60,406,148,72,61,0.5,0.82,18.39,TRACKED,404,151,72,61,4.03,0.748,17.26,TRACKED
212,4: Recovery,False,True,415,146,60,60,409,147,72,61,1.5,0.795,18.06,TRACKED,406,148,72,61,3.91,0.771,17.82,TRACKED
213,4: Recovery,False,True,418,145,60,60,411,146,72,61,1.8,0.795,18.59,TRACKED,409,147,72,61,3.91,0.771,17.45,TRACKED
214,4: Recovery,False,True,420,143,60,60,414,144,72,61,1.5,0.795,18.23,TRACKED,411,146,72,61,4.61,0.748,17.17,TRACKED
215,4: Recovery,False,True,423,141,60,60,417,141,72,61,0.5,0.82,17.33,TRACKED,414,144,72,61,4.61,0.748,17.26,TRACKED
216,4: Recovery,False,True,426,140,60,60,421,141,71,61,1.58,0.806,17.59,TRACKED,417,141,72,61,3.35,0.795,17.44,TRACKED
217,4: Recovery,False,True,428,138,60,60,424,138,71,60,1.5,0.845,17.56,TRACKED,421,141,71,61,3.81,0.758,17.43,TRACKED
218,4: Recovery,False,True,431,136,60,60,426,138,71,61,2.55,0.782,18.28,TRACKED,424,138,71,60,2.5,0.795,17.15,TRACKED
219,4: Recovery,False,True,434,135,60,60,428,136,72,61,1.5,0.795,17.5,TRACKED,426,138,71,61,4.3,0.758,17.43,TRACKED
220,4: Recovery,False,True,436,133,60,60,430,133,72,61,0.5,0.82,17.65,TRACKED,428,136,72,61,4.03,0.748,17.47,TRACKED
221,4: Recovery,False,True,439,131,60,60,433,132,72,61,1.5,0.795,17.96,TRACKED,430,133,72,61,3.91,0.771,17.19,TRACKED
222,4: Recovery,False,True,442,130,60,60,436,131,72,61,1.5,0.795,17.35,TRACKED,433,132,72,61,3.91,0.771,17.27,TRACKED
223,4: Recovery,False,True,444,128,60,60,438,129,72,61,1.5,0.795,17.38,TRACKED,436,131,72,61,4.03,0.748,17.21,TRACKED
224,4: Recovery,False,True,447,126,60,60,440,127,72,61,1.8,0.795,17.52,TRACKED,438,129,72,61,4.61,0.748,17.26,TRACKED
225,4: Recovery,False,True,450,125,60,60,443,126,72,61,1.8,0.795,18.31,TRACKED,440,127,72,61,4.72,0.771,17.1,TRACKED
226,4: Recovery,False,True,452,123,60,60,445,123,72,61,1.12,0.82,18.11,TRACKED,443,126,72,61,4.61,0.748,17.68,TRACKED
227,4: Recovery,False,True,455,121,60,60,449,122,72,61,1.5,0.795,17.61,TRACKED,445,123,72,61,4.72,0.771,17.91,TRACKED
228,4: Recovery,False,True,458,120,60,60,452,121,72,61,1.5,0.795,17.58,TRACKED,449,122,72,61,3.91,0.771,17.53,TRACKED
229,4: Recovery,False,True,460,118,60,60,454,119,72,60,1.0,0.808,17.39,TRACKED,452,121,72,61,4.03,0.748,17.64,TRACKED
230,4: Recovery,False,True,463,116,60,60,457,117,72,60,1.0,0.808,17.54,TRACKED,454,119,72,60,4.24,0.76,17.22,TRACKED
231,4: Recovery,False,True,466,115,60,60,461,117,71,61,2.55,0.782,17.31,TRACKED,457,117,72,60,3.61,0.784,17.41,TRACKED
232,4: Recovery,False,True,468,113,60,60,463,112,71,62,0.5,0.818,17.78,TRACKED,461,117,71,61,4.74,0.735,18.41,TRACKED
233,4: Recovery,False,True,471,111,60,60,466,112,71,61,1.58,0.806,17.67,TRACKED,463,112,71,62,3.2,0.793,17.56,TRACKED
234,4: Recovery,False,True,474,110,60,60,469,111,71,61,1.58,0.806,17.48,TRACKED,466,112,71,61,3.54,0.782,17.74,TRACKED
235,4: Recovery,False,True,476,108,60,60,471,108,71,61,0.71,0.831,18.05,TRACKED,469,111,71,61,3.81,0.758,18.04,TRACKED
236,4: Recovery,False,True,479,106,60,60,474,107,71,61,1.58,0.806,17.64,TRACKED,471,108,71,61,3.54,0.782,17.1,TRACKED
237,4: Recovery,False,True,482,105,60,60,477,106,71,61,1.58,0.806,18.81,TRACKED,474,107,71,61,3.54,0.782,17.3,TRACKED
238,4: Recovery,False,True,484,103,60,60,478,104,72,61,1.5,0.795,17.67,TRACKED,477,106,71,61,3.81,0.758,18.16,TRACKED
239,4: Recovery,False,True,487,101,60,60,480,101,72,61,1.12,0.82,18.18,TRACKED,478,104,72,61,4.61,0.748,17.3,TRACKED
240,4: Recovery,False,True,490,100,60,60,485,101,71,61,1.58,0.806,18.06,TRACKED,480,101,72,61,4.27,0.795,17.79,TRACKED
241,5: Loop & Scale,False,False,519,175,60,60,515,173,68,61,1.5,0.841,17.95,TRACKED,485,101,71,61,78.83,0.0,17.91,TRACKED
242,5: Loop & Scale,False,False,518,179,61,61,517,179,66,61,1.5,0.924,17.71,TRACKED,515,173,68,61,6.02,0.743,17.41,TRACKED
243,5: Loop & Scale,False,False,517,183,62,62,518,185,64,61,2.5,0.895,17.69,TRACKED,517,179,66,61,4.92,0.815,17.21,TRACKED
244,5: Loop & Scale,False,False,515,188,62,62,516,191,63,60,2.5,0.894,17.75,TRACKED,518,185,64,61,5.32,0.791,17.89,TRACKED
245,5: Loop & Scale,False,False,513,192,63,63,515,197,63,59,3.61,0.853,17.82,TRACKED,516,191,63,60,3.91,0.841,18.18,TRACKED
246,5: Loop & Scale,False,False,510,196,64,64,514,200,62,58,3.16,0.826,17.49,TRACKED,515,197,63,59,4.74,0.804,17.47,TRACKED
247,5: Loop & Scale,False,False,506,200,65,65,510,204,61,58,2.06,0.837,17.53,TRACKED,514,200,62,58,7.38,0.732,17.44,TRACKED
248,5: Loop & Scale,False,False,503,204,65,65,508,210,61,57,3.61,0.799,17.54,TRACKED,510,204,61,58,6.1,0.765,17.3,TRACKED
249,5: Loop & Scale,False,False,499,207,66,66,504,212,61,57,2.55,0.798,17.87,TRACKED,508,210,61,57,6.67,0.709,17.83,TRACKED
250,5: Loop & Scale,False,False,494,210,67,67,500,215,61,58,3.04,0.788,17.47,TRACKED,504,212,61,57,7.62,0.689,17.05,TRACKED
251,5: Loop & Scale,False,False,490,213,67,67,495,218,61,58,2.06,0.788,17.57,TRACKED,500,215,61,58,7.43,0.7,17.29,TRACKED
252,5: Loop & Scale,False,False,484,214,68,68,490,220,61,58,2.69,0.765,18.06,TRACKED,495,218,61,58,7.57,0.681,17.37,TRACKED
253,5: Loop & Scale,False,False,479,216,69,69,485,224,61,58,3.2,0.743,17.57,TRACKED,490,220,61,58,7.16,0.682,17.39,TRACKED
254,5: Loop & Scale,False,False,474,217,69,69,480,225,62,58,3.54,0.755,17.54,TRACKED,485,224,61,58,7.16,0.682,18.79,TRACKED
255,5: Loop & Scale,False,False,468,217,70,70,476,226,62,58,5.0,0.734,17.56,TRACKED,480,225,62,58,8.25,0.655,18.37,TRACKED
256,5: Loop & Scale,False,False,463,218,70,70,472,226,61,58,4.92,0.722,17.44,TRACKED,476,226,62,58,9.22,0.637,17.43,TRACKED
257,5: Loop & Scale,False,False,457,217,71,71,465,225,62,60,4.3,0.738,17.9,TRACKED,472,226,61,58,10.31,0.609,18.36,TRACKED
258,5: Loop & Scale,False,False,452,216,71,71,459,224,62,60,3.54,0.738,18.19,TRACKED,465,225,62,60,9.19,0.659,18.23,TRACKED
259,5: Loop & Scale,False,False,446,214,72,72,455,224,63,59,5.7,0.717,17.59,TRACKED,459,224,62,60,8.94,0.66,17.02,TRACKED
260,5: Loop & Scale,False,False,441,213,72,72,451,222,63,60,6.26,0.709,17.45,TRACKED,455,224,63,59,10.51,0.625,17.42,TRACKED
261,5: Loop & Scale,False,False,436,210,73,73,443,218,64,61,3.2,0.733,18.02,TRACKED,451,222,63,60,11.41,0.618,17.43,TRACKED
262,5: Loop & Scale,False,False,431,207,73,73,439,216,65,60,4.72,0.732,18.77,TRACKED,443,218,64,61,9.01,0.675,18.45,TRACKED
263,5: Loop & Scale,False,False,427,204,73,73,435,213,65,60,4.72,0.732,17.92,TRACKED,439,216,65,60,9.71,0.657,17.41,TRACKED
264,5: Loop & Scale,False,False,423,200,73,73,429,210,66,61,4.72,0.755,17.77,TRACKED,435,213,65,60,10.31,0.657,17.14,TRACKED
265,5: Loop & Scale,False,False,418,195,74,74,425,207,67,61,6.52,0.746,17.87,TRACKED,429,210,66,61,11.01,0.643,18.08,TRACKED
266,5: Loop & Scale,False,False,415,191,74,74,422,203,68,61,6.8,0.738,17.83,TRACKED,425,207,67,61,11.51,0.634,18.28,TRACKED
267,5: Loop & Scale,False,False,412,186,74,74,415,199,68,61,6.5,0.757,17.4,TRACKED,422,203,68,61,12.62,0.61,17.77,TRACKED
268,5: Loop & Scale,False,False,410,181,74,74,418,192,69,61,7.11,0.711,17.63,TRACKED,415,199,68,61,11.67,0.655,17.73,TRACKED
269,5: Loop & Scale,False,False,408,176,74,74,415,186,69,62,6.02,0.742,17.45,TRACKED,418,192,69,61,12.1,0.621,17.59,TRACKED
270,5: Loop & Scale,False,False,407,170,74,74,412,180,70,62,5.0,0.772,17.47,TRACKED,415,186,69,62,11.41,0.646,17.32,TRACKED
271,5: Loop & Scale,False,False,406,165,74,74,413,176,71,63,7.78,0.737,17.84,TRACKED,412,180,70,62,9.85,0.691,17.64,TRACKED
272,5: Loop & Scale,False,False,406,159,74,74,412,168,70,62,5.0,0.753,17.64,TRACKED,413,176,71,63,12.75,0.623,17.55,TRACKED
273,5: Loop & Scale,False,False,407,154,74,74,411,164,71,62,4.72,0.784,17.52,TRACKED,412,168,70,62,8.54,0.729,17.48,TRACKED
274,5: Loop & Scale,False,False,408,148,74,74,413,158,70,62,5.0,0.772,17.55,TRACKED,411,164,71,62,10.11,0.715,17.09,TRACKED
275,5: Loop & Scale,False,False,409,143,74,74,413,153,71,62,4.72,0.784,17.67,TRACKED,413,158,70,62,9.22,0.726,17.38,TRACKED
276,5: Loop & Scale,False,False,411,137,74,74,414,148,70,61,4.61,0.78,18.22,TRACKED,413,153,71,62,10.01,0.715,17.78,TRACKED
277,5: Loop & Scale,False,False,414,132,74,74,418,144,70,61,5.85,0.78,18.46,TRACKED,414,148,70,61,9.71,0.714,17.66,TRACKED
278,5: Loop & Scale,False,False,417,127,74,74,421,138,70,60,4.47,0.767,18.23,TRACKED,418,144,70,61,10.55,0.693,17.91,TRACKED
279,5: Loop & Scale,False,False,421,123,73,73,423,134,70,60,4.53,0.788,17.56,TRACKED,421,138,70,60,8.63,0.742,17.46,TRACKED
280,5: Loop & Scale,False,False,425,119,73,73,428,131,70,60,5.7,0.788,17.65,TRACKED,423,134,70,60,9.19,0.706,17.46,TRACKED
281,5: Loop & Scale,False,False,430,115,73,73,433,128,70,61,7.16,0.778,17.64,TRACKED,428,131,70,60,10.12,0.686,17.64,TRACKED
282,5: Loop & Scale,False,False,435,113,72,72,438,124,70,60,5.39,0.789,17.65,TRACKED,433,128,70,61,9.96,0.695,17.55,TRACKED
283,5: Loop & Scale,False,False,440,110,72,72,443,121,70,61,5.85,0.802,17.75,TRACKED,438,124,70,60,8.54,0.725,17.19,TRACKED
284,5: Loop & Scale,False,False,445,108,72,72,450,118,69,62,6.1,0.783,17.82,TRACKED,443,121,70,61,8.08,0.737,17.12,TRACKED
285,5: Loop & Scale,False,False,452,106,71,71,455,114,70,62,4.3,0.816,17.63,TRACKED,450,118,69,62,8.08,0.737,17.31,TRACKED
286,5: Loop & Scale,False,False,457,105,71,71,460,112,70,62,3.54,0.816,17.46,TRACKED,455,114,70,62,5.15,0.816,17.34,TRACKED
287,5: Loop & Scale,False,False,464,105,70,70,467,112,70,61,3.91,0.804,17.72,TRACKED,460,112,70,62,5.0,0.795,17.3,TRACKED
288,5: Loop & Scale,False,False,470,105,70,70,472,112,71,61,3.54,0.816,18.05,TRACKED,467,112,70,61,3.91,0.804,17.45,TRACKED
289,5: Loop & Scale,False,False,476,106,69,69,477,113,71,61,3.61,0.839,17.81,TRACKED,472,112,71,61,3.61,0.817,17.66,TRACKED
290,5: Loop & Scale,False,False,483,108,68,68,485,114,70,60,3.61,0.814,18.12,TRACKED,477,113,71,61,4.74,0.795,17.58,TRACKED
291,5: Loop & Scale,False,False,488,110,68,68,490,115,69,60,2.69,0.824,18.11,TRACKED,485,114,70,60,2.0,0.837,17.96,TRACKED
292,5: Loop & Scale,False,False,494,113,67,67,497,118,68,59,3.64,0.799,17.69,TRACKED,490,115,69,60,3.35,0.825,17.48,TRACKED
293,5: Loop & Scale,False,False,500,116,67,67,503,121,68,58,3.54,0.786,17.91,TRACKED,497,118,68,59,3.2,0.822,18.1,TRACKED
294,5: Loop & Scale,False,False,505,120,66,66,503,124,67,56,1.8,0.815,18.11,TRACKED,503,121,68,58,3.16,0.856,17.41,TRACKED
295,5: Loop & Scale,False,False,510,124,65,65,508,127,66,55,2.5,0.812,17.73,TRACKED,503,124,67,56,7.5,0.728,17.82,TRACKED
296,5: Loop & Scale,False,False,514,128,65,65,513,130,65,54,3.64,0.808,17.57,TRACKED,508,127,66,55,8.14,0.702,18.35,TRACKED
297,5: Loop & Scale,False,False,519,134,64,64,522,139,63,55,2.55,0.798,18.41,TRACKED,513,130,65,54,10.55,0.634,17.63,TRACKED
298,5: Loop & Scale,False,False,523,139,63,63,526,144,62,55,2.69,0.809,17.71,TRACKED,522,139,63,55,4.12,0.847,17.6,TRACKED
299,5: Loop & Scale,False,False,526,145,62,62,529,150,61,55,2.92,0.821,17.59,TRACKED,526,144,62,55,4.5,0.857,18.11,TRACKED
